,HK_ticker,HK_close,SH_ticker,SH_close,CNH/HKD,SH_adjclose,SH-HK
2015-01-07,6116.HK,14.68,603157.SH,,0.8018,,
2015-01-08,6116.HK,14.68,603157.SH,,0.8013,,
2015-01-09,6116.HK,14.48,603157.SH,,0.8017,,
2015-01-12,6116.HK,14.3,603157.SH,,0.8011,,
2015-01-13,6116.HK,14.54,603157.SH,,0.7998,,
2015-01-14,6116.HK,14.3,603157.SH,,0.7995,,
2015-01-15,6116.HK,14.58,603157.SH,,0.7992,,
2015-01-16,6116.HK,14.28,603157.SH,,0.7983,,
2015-01-19,6116.HK,14.28,603157.SH,,0.8034,,
2015-01-20,6116.HK,14.46,603157.SH,,0.8028,,
2015-01-21,6116.HK,14.38,603157.SH,,0.8024,,
2015-01-22,6116.HK,14.66,603157.SH,,0.8018,,
2015-01-23,6116.HK,14.38,603157.SH,,0.8012,,
2015-01-26,6116.HK,14.28,603157.SH,,0.8049,,
2015-01-27,6116.HK,14.4,603157.SH,,0.807,,
2015-01-28,6116.HK,14.52,603157.SH,,0.8055,,
2015-01-29,6116.HK,14.38,603157.SH,,0.8066,,
2015-01-30,6116.HK,14.4,603157.SH,,0.8071,,
2015-02-02,6116.HK,14.54,603157.SH,,0.8089,,
2015-02-03,6116.HK,14.2,603157.SH,,0.8088,,
2015-02-04,6116.HK,14.38,603157.SH,,0.8086,,
2015-02-05,6116.HK,14.28,603157.SH,,0.8061,,
2015-02-06,6116.HK,14.28,603157.SH,,0.8064,,
2015-02-09,6116.HK,14.76,603157.SH,,0.8053,,
2015-02-10,6116.HK,14.4,603157.SH,,0.8059,,
2015-02-11,6116.HK,14.38,603157.SH,,0.8058,,
2015-02-12,6116.HK,14.4,603157.SH,,0.8057,,
2015-02-13,6116.HK,14.38,603157.SH,,0.8055,,
2015-02-16,6116.HK,13.98,603157.SH,,0.8052,,
2015-02-17,6116.HK,14.18,603157.SH,,0.8082,,
2015-02-25,6116.HK,14.18,603157.SH,,0.8092,,
2015-02-26,6116.HK,14.12,603157.SH,,0.8086,,
2015-02-27,6116.HK,14.7,603157.SH,,0.8081,,
2015-03-02,6116.HK,14.32,603157.SH,,0.8109,,
2015-03-03,6116.HK,14.32,603157.SH,,0.8106,,
2015-03-04,6116.HK,14.32,603157.SH,,0.8103,,
2015-03-05,6116.HK,14.0,603157.SH,,0.8101,,
2015-03-06,6116.HK,14.06,603157.SH,,0.8094,,
2015-03-09,6116.HK,14.26,603157.SH,,0.8087,,
2015-03-10,6116.HK,14.26,603157.SH,,0.809,,
2015-03-11,6116.HK,14.4,603157.SH,,0.8087,,
2015-03-12,6116.HK,14.6,603157.SH,,0.809,,
2015-03-13,6116.HK,14.5,603157.SH,,0.808,,
2015-03-16,6116.HK,14.3,603157.SH,,0.809,,
2015-03-17,6116.HK,13.72,603157.SH,,0.8082,,
2015-03-18,6116.HK,13.4,603157.SH,,0.8051,,
2015-03-19,6116.HK,13.4,603157.SH,,0.804,,
2015-03-20,6116.HK,13.4,603157.SH,,0.8008,,
2015-03-23,6116.HK,13.4,603157.SH,,0.801,,
2015-03-24,6116.HK,13.4,603157.SH,,0.8007,,
2015-03-25,6116.HK,13.4,603157.SH,,0.8004,,
2015-03-26,6116.HK,12.82,603157.SH,,0.8012,,
2015-03-27,6116.HK,12.86,603157.SH,,0.801,,
2015-03-30,6116.HK,14.0,603157.SH,,0.8024,,
2015-03-31,6116.HK,14.0,603157.SH,,0.801,,
2015-04-01,6116.HK,14.2,603157.SH,,0.8002,,
2015-04-02,6116.HK,14.2,603157.SH,,0.8005,,
2015-04-03,6116.HK,14.2,603157.SH,,0.8005,,
2015-04-07,6116.HK,14.2,603157.SH,,0.8005,,
2015-04-08,6116.HK,14.3,603157.SH,,0.7996,,
2015-04-09,6116.HK,14.6,603157.SH,,0.8008,,
2015-04-10,6116.HK,14.58,603157.SH,,0.8018,,
2015-04-13,6116.HK,14.54,603157.SH,,0.8025,,
2015-04-14,6116.HK,13.82,603157.SH,,0.8034,,
2015-04-15,6116.HK,14.5,603157.SH,,0.8021,,
2015-04-16,6116.HK,14.48,603157.SH,,0.8007,,
2015-04-17,6116.HK,14.54,603157.SH,,0.7994,,
2015-04-20,6116.HK,14.0,603157.SH,,0.799,,
2015-04-21,6116.HK,14.02,603157.SH,,0.8001,,
2015-04-22,6116.HK,14.56,603157.SH,,0.7998,,
2015-04-23,6116.HK,14.58,603157.SH,,0.7989,,
2015-04-24,6116.HK,14.6,603157.SH,,0.7995,,
2015-04-27,6116.HK,14.28,603157.SH,,0.7994,,
2015-04-28,6116.HK,16.46,603157.SH,,0.8022,,
2015-04-29,6116.HK,14.68,603157.SH,,0.8008,,
2015-04-30,6116.HK,14.7,603157.SH,,0.8002,,
2015-05-04,6116.HK,14.9,603157.SH,,0.801,,
2015-05-05,6116.HK,15.0,603157.SH,,0.8014,,
2015-05-06,6116.HK,15.4,603157.SH,,0.8011,,
2015-05-07,6116.HK,14.46,603157.SH,,0.8004,,
2015-05-08,6116.HK,14.38,603157.SH,,0.8011,,
2015-05-11,6116.HK,14.36,603157.SH,,0.8011,,
2015-05-12,6116.HK,14.66,603157.SH,,0.8013,,
2015-05-13,6116.HK,14.52,603157.SH,,0.8009,,
2015-05-14,6116.HK,14.62,603157.SH,,0.8001,,
2015-05-15,6116.HK,14.3,603157.SH,,0.8,,
2015-05-18,6116.HK,14.26,603157.SH,,0.8008,,
2015-05-19,6116.HK,13.9,603157.SH,,0.8004,,
2015-05-20,6116.HK,13.82,603157.SH,,0.8008,,
2015-05-21,6116.HK,13.74,603157.SH,,0.8006,,
2015-05-22,6116.HK,13.88,603157.SH,,0.7996,,
2015-05-25,6116.HK,13.88,603157.SH,,0.7996,,
2015-05-26,6116.HK,13.9,603157.SH,,0.7996,,
2015-05-27,6116.HK,13.74,603157.SH,,0.8006,,
2015-05-28,6116.HK,13.74,603157.SH,,0.8003,,
2015-05-29,6116.HK,13.96,603157.SH,,0.8002,,
2015-06-01,6116.HK,14.02,603157.SH,,0.8003,,
2015-06-02,6116.HK,14.1,603157.SH,,0.8,,
2015-06-03,6116.HK,13.92,603157.SH,,0.7996,,
2015-06-04,6116.HK,13.88,603157.SH,,0.7998,,
2015-06-05,6116.HK,13.84,603157.SH,,0.8003,,
2015-06-08,6116.HK,14.04,603157.SH,,0.8006,,
2015-06-09,6116.HK,13.9,603157.SH,,0.8014,,
2015-06-10,6116.HK,13.72,603157.SH,,0.8015,,
2015-06-11,6116.HK,13.74,603157.SH,,0.8009,,
2015-06-12,6116.HK,13.88,603157.SH,,0.8011,,
2015-06-15,6116.HK,14.1,603157.SH,,0.8015,,
2015-06-16,6116.HK,14.06,603157.SH,,0.8014,,
2015-06-17,6116.HK,14.0,603157.SH,,0.8011,,
2015-06-18,6116.HK,14.0,603157.SH,,0.8009,,
2015-06-19,6116.HK,14.02,603157.SH,,0.8004,,
2015-06-23,6116.HK,14.44,603157.SH,,0.8009,,
2015-06-24,6116.HK,14.5,603157.SH,,0.7999,,
2015-06-25,6116.HK,14.18,603157.SH,,0.8003,,
2015-06-26,6116.HK,14.0,603157.SH,,0.8007,,
2015-06-29,6116.HK,14.08,603157.SH,,0.8006,,
2015-06-30,6116.HK,14.02,603157.SH,,0.8009,,
2015-07-01,6116.HK,14.02,603157.SH,,0.8009,,
2015-07-02,6116.HK,14.5,603157.SH,,0.8002,,
2015-07-03,6116.HK,14.4,603157.SH,,0.8002,,
2015-07-06,6116.HK,14.5,603157.SH,,0.8005,,
2015-07-07,6116.HK,14.44,603157.SH,,0.8014,,
2015-07-08,6116.HK,13.88,603157.SH,,0.8021,,
2015-07-09,6116.HK,14.34,603157.SH,,0.8019,,
2015-07-10,6116.HK,14.4,603157.SH,,0.8018,,
2015-07-13,6116.HK,14.4,603157.SH,,0.8019,,
2015-07-14,6116.HK,14.48,603157.SH,,0.8018,,
2015-07-15,6116.HK,14.4,603157.SH,,0.8018,,
2015-07-16,6116.HK,14.4,603157.SH,,0.8016,,
2015-07-17,6116.HK,14.42,603157.SH,,0.8017,,
2015-07-20,6116.HK,14.4,603157.SH,,0.8017,,
2015-07-21,6116.HK,14.08,603157.SH,,0.8017,,
2015-07-22,6116.HK,14.08,603157.SH,,0.8011,,
2015-07-23,6116.HK,14.08,603157.SH,,0.8014,,
2015-07-24,6116.HK,13.86,603157.SH,,0.8019,,
2015-07-27,6116.HK,12.9,603157.SH,,0.8029,,
2015-07-28,6116.HK,13.16,603157.SH,,0.8027,,
2015-07-29,6116.HK,13.54,603157.SH,,0.8022,,
2015-07-30,6116.HK,13.52,603157.SH,,0.8023,,
2015-07-31,6116.HK,13.5,603157.SH,,0.8022,,
2015-08-03,6116.HK,12.88,603157.SH,,0.8028,,
2015-08-04,6116.HK,13.68,603157.SH,,0.8021,,
2015-08-05,6116.HK,13.36,603157.SH,,0.8018,,
2015-08-06,6116.HK,13.44,603157.SH,,0.8021,,
2015-08-07,6116.HK,13.48,603157.SH,,0.8023,,
2015-08-10,6116.HK,13.5,603157.SH,,0.8021,,
2015-08-11,6116.HK,13.7,603157.SH,,0.8018,,
2015-08-12,6116.HK,13.94,603157.SH,,0.8232,,
2015-08-13,6116.HK,14.06,603157.SH,,0.8438,,
2015-08-14,6116.HK,14.04,603157.SH,,0.8327,,
2015-08-17,6116.HK,14.0,603157.SH,,0.8301,,
2015-08-18,6116.HK,14.04,603157.SH,,0.831,,
2015-08-19,6116.HK,14.06,603157.SH,,0.8305,,
2015-08-20,6116.HK,13.96,603157.SH,,0.8303,,
2015-08-21,6116.HK,13.8,603157.SH,,0.8315,,
2015-08-24,6116.HK,13.84,603157.SH,,0.8321,,
2015-08-25,6116.HK,13.94,603157.SH,,0.8382,,
2015-08-26,6116.HK,13.9,603157.SH,,0.8346,,
2015-08-27,6116.HK,13.9,603157.SH,,0.837,,
2015-08-28,6116.HK,14.06,603157.SH,,0.8356,,
2015-08-31,6116.HK,14.08,603157.SH,,0.8338,,
2015-09-01,6116.HK,13.96,603157.SH,,0.8316,,
2015-09-02,6116.HK,13.76,603157.SH,,0.8281,,
2015-09-07,6116.HK,13.96,603157.SH,,0.8344,,
2015-09-08,6116.HK,13.92,603157.SH,,0.8372,,
2015-09-09,6116.HK,14.0,603157.SH,,0.8336,,
2015-09-10,6116.HK,13.92,603157.SH,,0.8341,,
2015-09-11,6116.HK,14.04,603157.SH,,0.8253,,
2015-09-14,6116.HK,14.04,603157.SH,,0.8281,,
2015-09-15,6116.HK,14.0,603157.SH,,0.8262,,
2015-09-16,6116.HK,14.0,603157.SH,,0.8259,,
2015-09-17,6116.HK,14.06,603157.SH,,0.8262,,
2015-09-18,6116.HK,14.1,603157.SH,,0.8269,,
2015-09-21,6116.HK,13.98,603157.SH,,0.8248,,
2015-09-22,6116.HK,13.72,603157.SH,,0.8268,,
2015-09-23,6116.HK,13.6,603157.SH,,0.8273,,
2015-09-24,6116.HK,13.6,603157.SH,,0.8296,,
2015-09-25,6116.HK,13.56,603157.SH,,0.8293,,
2015-09-28,6116.HK,13.56,603157.SH,,0.8293,,
2015-09-29,6116.HK,13.56,603157.SH,,0.8258,,
2015-09-30,6116.HK,13.66,603157.SH,,0.8184,,
2015-10-08,6116.HK,13.22,603157.SH,,0.8183,,
2015-10-09,6116.HK,13.78,603157.SH,,0.8197,,
2015-10-12,6116.HK,13.78,603157.SH,,0.8185,,
2015-10-13,6116.HK,13.78,603157.SH,,0.8156,,
2015-10-14,6116.HK,13.2,603157.SH,,0.8185,,
2015-10-15,6116.HK,13.3,603157.SH,,0.8197,,
2015-10-16,6116.HK,13.12,603157.SH,,0.8193,,
2015-10-19,6116.HK,13.14,603157.SH,,0.8214,,
2015-10-20,6116.HK,13.42,603157.SH,,0.8222,,
2015-10-21,6116.HK,13.42,603157.SH,,0.8222,,
2015-10-22,6116.HK,13.36,603157.SH,,0.8223,,
2015-10-23,6116.HK,13.58,603157.SH,,0.8242,,
2015-10-26,6116.HK,13.6,603157.SH,,0.824,,
2015-10-27,6116.HK,13.7,603157.SH,,0.8248,,
2015-10-28,6116.HK,13.7,603157.SH,,0.8251,,
2015-10-29,6116.HK,13.298,603157.SH,,0.8264,,
2015-10-30,6116.HK,13.26,603157.SH,,0.8211,,
2015-11-02,6116.HK,13.22,603157.SH,,0.817,,
2015-11-03,6116.HK,13.28,603157.SH,,0.819,,
2015-11-04,6116.HK,13.68,603157.SH,,0.8195,,
2015-11-05,6116.HK,13.44,603157.SH,,0.8194,,
2015-11-06,6116.HK,13.48,603157.SH,,0.822,,
2015-11-09,6116.HK,13.5,603157.SH,,0.8225,,
2015-11-10,6116.HK,13.66,603157.SH,,0.8247,,
2015-11-11,6116.HK,13.66,603157.SH,,0.8246,,
2015-11-12,6116.HK,13.66,603157.SH,,0.8249,,
2015-11-13,6116.HK,13.5,603157.SH,,0.8253,,
2015-11-16,6116.HK,13.5,603157.SH,,0.8275,,
2015-11-17,6116.HK,13.78,603157.SH,,0.8256,,
2015-11-18,6116.HK,13.46,603157.SH,,0.8262,,
2015-11-19,6116.HK,13.48,603157.SH,,0.828,,
2015-11-20,6116.HK,13.44,603157.SH,,0.8272,,
2015-11-23,6116.HK,13.54,603157.SH,,0.8275,,
2015-11-24,6116.HK,13.7,603157.SH,,0.8292,,
2015-11-25,6116.HK,13.7,603157.SH,,0.8296,,
2015-11-26,6116.HK,13.7,603157.SH,,0.8286,,
2015-11-27,6116.HK,13.32,603157.SH,,0.8303,,
2015-11-30,6116.HK,13.32,603157.SH,,0.8327,,
2015-12-01,6116.HK,13.32,603157.SH,,0.8289,,
2015-12-02,6116.HK,13.22,603157.SH,,0.8315,,
2015-12-03,6116.HK,13.24,603157.SH,,0.8311,,
2015-12-04,6116.HK,13.3,603157.SH,,0.832,,
2015-12-07,6116.HK,13.3,603157.SH,,0.8316,,
2015-12-08,6116.HK,13.3,603157.SH,,0.8345,,
2015-12-09,6116.HK,13.3,603157.SH,,0.8373,,
2015-12-10,6116.HK,13.3,603157.SH,,0.8395,,
2015-12-11,6116.HK,13.32,603157.SH,,0.8418,,
2015-12-14,6116.HK,13.32,603157.SH,,0.842,,
2015-12-15,6116.HK,13.4,603157.SH,,0.8453,,
2015-12-16,6116.HK,13.4,603157.SH,,0.8441,,
2015-12-17,6116.HK,13.4,603157.SH,,0.8436,,
2015-12-18,6116.HK,13.36,603157.SH,,0.8453,,
2015-12-21,6116.HK,13.36,603157.SH,,0.8469,,
2015-12-22,6116.HK,13.56,603157.SH,,0.8454,,
2015-12-23,6116.HK,13.56,603157.SH,,0.8432,,
2015-12-24,6116.HK,13.56,603157.SH,,0.8441,,
2015-12-25,6116.HK,13.56,603157.SH,,0.8441,,
2015-12-28,6116.HK,13.56,603157.SH,,0.8438,,
2015-12-29,6116.HK,13.76,603157.SH,,0.8458,,
2015-12-30,6116.HK,13.74,603157.SH,,0.8484,,
2015-12-31,6116.HK,13.74,603157.SH,,0.8479,,
2016-01-04,6116.HK,13.7,603157.SH,,0.8478,,
2016-01-05,6116.HK,13.4,603157.SH,,0.8551,,
2016-01-06,6116.HK,13.54,603157.SH,,0.8579,,
2016-01-07,6116.HK,13.46,603157.SH,,0.8666,,
2016-01-08,6116.HK,13.5,603157.SH,,0.8632,,
2016-01-11,6116.HK,13.42,603157.SH,,0.8618,,
2016-01-12,6116.HK,13.42,603157.SH,,0.8541,,
2016-01-13,6116.HK,13.3,603157.SH,,0.8485,,
2016-01-14,6116.HK,13.26,603157.SH,,0.8469,,
2016-01-15,6116.HK,13.28,603157.SH,,0.8502,,
2016-01-18,6116.HK,13.24,603157.SH,,0.8492,,
2016-01-19,6116.HK,13.24,603157.SH,,0.8466,,
2016-01-20,6116.HK,13.2,603157.SH,,0.8449,,
2016-01-21,6116.HK,13.2,603157.SH,,0.8442,,
2016-01-22,6116.HK,13.2,603157.SH,,0.8454,,
2016-01-25,6116.HK,13.2,603157.SH,,0.8477,,
2016-01-26,6116.HK,13.1,603157.SH,,0.8487,,
2016-01-27,6116.HK,13.24,603157.SH,,0.8479,,
2016-01-28,6116.HK,13.22,603157.SH,,0.8488,,
2016-01-29,6116.HK,13.2,603157.SH,,0.8489,,
2016-02-01,6116.HK,12.9,603157.SH,,0.8488,,
2016-02-02,6116.HK,12.84,603157.SH,,0.8493,,
2016-02-03,6116.HK,12.72,603157.SH,,0.8513,,
2016-02-04,6116.HK,12.64,603157.SH,,0.8522,,
2016-02-05,6116.HK,12.5,603157.SH,,0.8486,,
2016-02-15,6116.HK,11.52,603157.SH,,0.8356,,
2016-02-16,6116.HK,11.52,603157.SH,,0.8356,,
2016-02-17,6116.HK,11.62,603157.SH,,0.8368,,
2016-02-18,6116.HK,11.62,603157.SH,,0.8382,,
2016-02-19,6116.HK,11.56,603157.SH,,0.8387,,
2016-02-22,6116.HK,11.56,603157.SH,,0.8398,,
2016-02-23,6116.HK,11.58,603157.SH,,0.8397,,
2016-02-24,6116.HK,11.58,603157.SH,,0.8413,,
2016-02-25,6116.HK,11.56,603157.SH,,0.8416,,
2016-02-26,6116.HK,11.56,603157.SH,,0.842,,
2016-02-29,6116.HK,11.56,603157.SH,,0.8418,,
2016-03-01,6116.HK,11.56,603157.SH,,0.8425,,
2016-03-02,6116.HK,11.6,603157.SH,,0.8423,,
2016-03-03,6116.HK,11.6,603157.SH,,0.843,,
2016-03-04,6116.HK,11.6,603157.SH,,0.8417,,
2016-03-07,6116.HK,11.6,603157.SH,,0.8384,,
2016-03-08,6116.HK,11.56,603157.SH,,0.8389,,
2016-03-09,6116.HK,11.6,603157.SH,,0.8379,,
2016-03-10,6116.HK,11.6,603157.SH,,0.839,,
2016-03-11,6116.HK,11.58,603157.SH,,0.8391,,
2016-03-14,6116.HK,10.8,603157.SH,,0.837,,
2016-03-15,6116.HK,10.76,603157.SH,,0.8368,,
2016-03-16,6116.HK,10.54,603157.SH,,0.8385,,
2016-03-17,6116.HK,10.4,603157.SH,,0.8402,,
2016-03-18,6116.HK,10.74,603157.SH,,0.8358,,
2016-03-21,6116.HK,10.74,603157.SH,,0.8346,,
2016-03-22,6116.HK,10.8,603157.SH,,0.8353,,
2016-03-23,6116.HK,10.52,603157.SH,,0.8375,,
2016-03-24,6116.HK,10.42,603157.SH,,0.8383,,
2016-03-25,6116.HK,10.42,603157.SH,,0.8383,,
2016-03-28,6116.HK,10.42,603157.SH,,0.8383,,
2016-03-29,6116.HK,10.66,603157.SH,,0.8403,,
2016-03-30,6116.HK,10.8,603157.SH,,0.8397,,
2016-03-31,6116.HK,10.8,603157.SH,,0.8361,,
2016-04-01,6116.HK,10.72,603157.SH,,0.8342,,
2016-04-05,6116.HK,10.78,603157.SH,,0.8348,,
2016-04-06,6116.HK,10.6,603157.SH,,0.8356,,
2016-04-07,6116.HK,11.0,603157.SH,,0.8369,,
2016-04-08,6116.HK,11.0,603157.SH,,0.8359,,
2016-04-11,6116.HK,10.38,603157.SH,,0.836,,
2016-04-12,6116.HK,10.42,603157.SH,,0.8356,,
2016-04-13,6116.HK,10.86,603157.SH,,0.8343,,
2016-04-14,6116.HK,10.8,603157.SH,,0.8358,,
2016-04-15,6116.HK,10.8,603157.SH,,0.8371,,
2016-04-18,6116.HK,10.74,603157.SH,,0.8368,,
2016-04-19,6116.HK,10.74,603157.SH,,0.8366,,
2016-04-20,6116.HK,10.74,603157.SH,,0.8351,,
2016-04-21,6116.HK,10.42,603157.SH,,0.8344,,
2016-04-22,6116.HK,10.88,603157.SH,,0.8359,,
2016-04-25,6116.HK,10.9,603157.SH,,0.8374,,
2016-04-26,6116.HK,10.5,603157.SH,,0.8387,,
2016-04-27,6116.HK,10.5,603157.SH,,0.8386,,
2016-04-28,6116.HK,10.5,603157.SH,,0.8389,,
2016-04-29,6116.HK,10.44,603157.SH,,0.8363,,
2016-05-03,6116.HK,10.7,603157.SH,,0.8369,,
2016-05-04,6116.HK,10.14,603157.SH,,0.8357,,
2016-05-05,6116.HK,10.02,603157.SH,,0.8384,,
2016-05-06,6116.HK,10.0,603157.SH,,0.8396,,
2016-05-09,6116.HK,10.0,603157.SH,,0.8393,,
2016-05-10,6116.HK,10.0,603157.SH,,0.8402,,
2016-05-11,6116.HK,10.0,603157.SH,,0.8427,,
2016-05-12,6116.HK,10.0,603157.SH,,0.8421,,
2016-05-13,6116.HK,10.0,603157.SH,,0.8432,,
2016-05-16,6116.HK,9.92,603157.SH,,0.8433,,
2016-05-17,6116.HK,9.88,603157.SH,,0.8432,,
2016-05-18,6116.HK,9.86,603157.SH,,0.8432,,
2016-05-19,6116.HK,9.84,603157.SH,,0.8442,,
2016-05-20,6116.HK,9.8,603157.SH,,0.8451,,
2016-05-23,6116.HK,10.04,603157.SH,,0.8449,,
2016-05-24,6116.HK,9.7,603157.SH,,0.8447,,
2016-05-25,6116.HK,9.7,603157.SH,,0.8448,,
2016-05-26,6116.HK,9.7,603157.SH,,0.8453,,
2016-05-27,6116.HK,9.6,603157.SH,,0.8451,,
2016-05-30,6116.HK,9.35,603157.SH,,0.8456,,
2016-05-31,6116.HK,10.3,603157.SH,,0.8483,,
2016-06-01,6116.HK,9.92,603157.SH,,0.8482,,
2016-06-02,6116.HK,9.92,603157.SH,,0.8481,,
2016-06-03,6116.HK,9.92,603157.SH,,0.848,,
2016-06-06,6116.HK,9.8,603157.SH,,0.8486,,
2016-06-07,6116.HK,9.79,603157.SH,,0.8452,,
2016-06-08,6116.HK,9.4,603157.SH,,0.8459,,
2016-06-13,6116.HK,9.06,603157.SH,,0.8507,,
2016-06-14,6116.HK,9.0,603157.SH,,0.85,,
2016-06-15,6116.HK,8.96,603157.SH,,0.8509,,
2016-06-16,6116.HK,8.9,603157.SH,,0.8503,,
2016-06-17,6116.HK,9.1,603157.SH,,0.8502,,
2016-06-20,6116.HK,9.07,603157.SH,,0.8505,,
2016-06-21,6116.HK,8.9,603157.SH,,0.8491,,
2016-06-22,6116.HK,8.85,603157.SH,,0.8493,,
2016-06-23,6116.HK,8.72,603157.SH,,0.8498,,
2016-06-24,6116.HK,8.65,603157.SH,,0.8494,,
2016-06-27,6116.HK,8.5,603157.SH,,0.856,,
2016-06-28,6116.HK,8.5,603157.SH,,0.8603,,
2016-06-29,6116.HK,8.65,603157.SH,,0.8614,,
2016-06-30,6116.HK,8.3,603157.SH,,0.8587,,
2016-07-01,6116.HK,8.3,603157.SH,,0.8587,,
2016-07-04,6116.HK,8.0,603157.SH,,0.8602,,
2016-07-05,6116.HK,7.97,603157.SH,,0.8607,,
2016-07-06,6116.HK,7.9,603157.SH,,0.8618,,
2016-07-07,6116.HK,8.08,603157.SH,,0.8638,,
2016-07-08,6116.HK,8.0,603157.SH,,0.8629,,
2016-07-11,6116.HK,7.7,603157.SH,,0.8634,,
2016-07-12,6116.HK,7.72,603157.SH,,0.8637,,
2016-07-13,6116.HK,7.66,603157.SH,,0.8629,,
2016-07-14,6116.HK,7.69,603157.SH,,0.863,,
2016-07-15,6116.HK,7.22,603157.SH,,0.8632,,
2016-07-18,6116.HK,7.2,603157.SH,,0.8627,,
2016-07-19,6116.HK,7.17,603157.SH,,0.8652,,
2016-07-20,6116.HK,7.35,603157.SH,,0.8644,,
2016-07-21,6116.HK,7.91,603157.SH,,0.8614,,
2016-07-22,6116.HK,7.85,603157.SH,,0.861,,
2016-07-25,6116.HK,7.75,603157.SH,,0.8609,,
2016-07-26,6116.HK,7.89,603157.SH,,0.8621,,
2016-07-27,6116.HK,7.64,603157.SH,,0.861,,
2016-07-28,6116.HK,7.7,603157.SH,,0.8604,,
2016-07-29,6116.HK,7.88,603157.SH,,0.8594,,
2016-08-01,6116.HK,8.2,603157.SH,,0.8584,,
2016-08-02,6116.HK,8.2,603157.SH,,0.8565,,
2016-08-03,6116.HK,8.2,603157.SH,,0.8559,,
2016-08-04,6116.HK,7.9,603157.SH,,0.8555,,
2016-08-05,6116.HK,7.9,603157.SH,,0.8568,,
2016-08-08,6116.HK,7.94,603157.SH,,0.8578,,
2016-08-09,6116.HK,8.07,603157.SH,,0.8599,,
2016-08-10,6116.HK,7.88,603157.SH,,0.8599,,
2016-08-11,6116.HK,7.89,603157.SH,,0.8566,,
2016-08-12,6116.HK,7.89,603157.SH,,0.857,,
2016-08-15,6116.HK,7.93,603157.SH,,0.8578,,
2016-08-16,6116.HK,8.42,603157.SH,,0.8572,,
2016-08-17,6116.HK,8.78,603157.SH,,0.8551,,
2016-08-18,6116.HK,8.75,603157.SH,,0.8557,,
2016-08-19,6116.HK,8.26,603157.SH,,0.8554,,
2016-08-22,6116.HK,8.45,603157.SH,,0.8579,,
2016-08-23,6116.HK,8.8,603157.SH,,0.8583,,
2016-08-24,6116.HK,8.95,603157.SH,,0.8569,,
2016-08-25,6116.HK,8.8,603157.SH,,0.858,,
2016-08-26,6116.HK,8.88,603157.SH,,0.8582,,
2016-08-29,6116.HK,8.82,603157.SH,,0.86,,
2016-08-30,6116.HK,8.85,603157.SH,,0.8612,,
2016-08-31,6116.HK,8.99,603157.SH,,0.8609,,
2016-09-01,6116.HK,9.02,603157.SH,,0.861,,
2016-09-02,6116.HK,8.93,603157.SH,,0.8623,,
2016-09-05,6116.HK,9.0,603157.SH,,0.8631,,
2016-09-06,6116.HK,8.91,603157.SH,,0.8626,,
2016-09-07,6116.HK,8.8,603157.SH,,0.8626,,
2016-09-08,6116.HK,8.68,603157.SH,,0.8603,,
2016-09-09,6116.HK,8.48,603157.SH,,0.8602,,
2016-09-12,6116.HK,8.45,603157.SH,,0.862,,
2016-09-13,6116.HK,8.32,603157.SH,,0.8626,,
2016-09-14,6116.HK,8.43,603157.SH,,0.8621,,
2016-09-19,6116.HK,8.65,603157.SH,,0.8577,,
2016-09-20,6116.HK,8.7,603157.SH,,0.8596,,
2016-09-21,6116.HK,8.69,603157.SH,,0.8609,,
2016-09-22,6116.HK,8.59,603157.SH,,0.8616,,
2016-09-23,6116.HK,8.58,603157.SH,,0.8612,,
2016-09-26,6116.HK,8.46,603157.SH,,0.861,,
2016-09-27,6116.HK,8.42,603157.SH,,0.8613,,
2016-09-28,6116.HK,8.43,603157.SH,,0.8618,,
2016-09-29,6116.HK,8.38,603157.SH,,0.862,,
2016-09-30,6116.HK,8.4,603157.SH,,0.8614,,
2016-10-10,6116.HK,8.61,603157.SH,,0.8614,,
2016-10-11,6116.HK,8.73,603157.SH,,0.8647,,
2016-10-12,6116.HK,8.65,603157.SH,,0.8664,,
2016-10-13,6116.HK,8.33,603157.SH,,0.8664,,
2016-10-14,6116.HK,8.37,603157.SH,,0.8684,,
2016-10-17,6116.HK,8.36,603157.SH,,0.8681,,
2016-10-18,6116.HK,8.21,603157.SH,,0.8698,,
2016-10-19,6116.HK,8.21,603157.SH,,0.8692,,
2016-10-20,6116.HK,8.3,603157.SH,,0.8689,,
2016-10-21,6116.HK,8.3,603157.SH,,0.8695,,
2016-10-24,6116.HK,8.22,603157.SH,,0.8727,,
2016-10-25,6116.HK,8.22,603157.SH,,0.8737,,
2016-10-26,6116.HK,8.2,603157.SH,,0.8744,,
2016-10-27,6116.HK,8.1,603157.SH,,0.8743,,
2016-10-28,6116.HK,8.1,603157.SH,,0.8754,,
2016-10-31,6116.HK,8.25,603157.SH,,0.8761,,
2016-11-01,6116.HK,8.29,603157.SH,,0.8747,,
2016-11-02,6116.HK,8.1,603157.SH,,0.8743,,
2016-11-03,6116.HK,8.25,603157.SH,,0.8732,,
2016-11-04,6116.HK,8.27,603157.SH,,0.8728,,
2016-11-07,6116.HK,8.25,603157.SH,,0.8726,,
2016-11-08,6116.HK,8.25,603157.SH,,0.8746,,
2016-11-09,6116.HK,8.1,603157.SH,,0.8759,,
2016-11-10,6116.HK,8.28,603157.SH,,0.8762,,
2016-11-11,6116.HK,8.2,603157.SH,,0.8793,,
2016-11-14,6116.HK,8.34,603157.SH,,0.8785,,
2016-11-15,6116.HK,8.35,603157.SH,,0.8829,,
2016-11-16,6116.HK,8.43,603157.SH,,0.8844,,
2016-11-17,6116.HK,8.44,603157.SH,,0.8871,,
2016-11-18,6116.HK,8.4,603157.SH,,0.8869,,
2016-11-21,6116.HK,8.4,603157.SH,,0.8903,,
2016-11-22,6116.HK,8.39,603157.SH,,0.8905,,
2016-11-23,6116.HK,8.38,603157.SH,,0.8902,,
2016-11-24,6116.HK,8.36,603157.SH,,0.8934,,
2016-11-25,6116.HK,8.32,603157.SH,,0.8953,,
2016-11-28,6116.HK,8.24,603157.SH,,0.8958,,
2016-11-29,6116.HK,8.34,603157.SH,,0.8937,,
2016-11-30,6116.HK,8.36,603157.SH,,0.8924,,
2016-12-01,6116.HK,8.45,603157.SH,,0.8899,,
2016-12-02,6116.HK,8.45,603157.SH,,0.8901,,
2016-12-05,6116.HK,8.25,603157.SH,,0.8865,,
2016-12-06,6116.HK,8.32,603157.SH,,0.8869,,
2016-12-07,6116.HK,8.55,603157.SH,,0.8873,,
2016-12-08,6116.HK,8.55,603157.SH,,0.8897,,
2016-12-09,6116.HK,8.55,603157.SH,,0.8885,,
2016-12-12,6116.HK,8.5,603157.SH,,0.8928,,
2016-12-13,6116.HK,8.32,603157.SH,,0.8939,,
2016-12-14,6116.HK,8.32,603157.SH,,0.8931,,
2016-12-15,6116.HK,8.3,603157.SH,,0.8907,,
2016-12-16,6116.HK,8.3,603157.SH,,0.8922,,
2016-12-19,6116.HK,8.13,603157.SH,,0.8951,,
2016-12-20,6116.HK,8.15,603157.SH,,0.8945,,
2016-12-21,6116.HK,8.15,603157.SH,,0.8947,,
2016-12-22,6116.HK,8.1,603157.SH,,0.8942,,
2016-12-23,6116.HK,8.15,603157.SH,,0.8946,,
2016-12-26,6116.HK,8.15,603157.SH,,0.8946,,
2016-12-27,6116.HK,8.15,603157.SH,,0.8946,,
2016-12-28,6116.HK,8.2,603157.SH,,0.8965,,
2016-12-29,6116.HK,8.04,603157.SH,,0.8984,,
2016-12-30,6116.HK,8.06,603157.SH,,0.8996,,
2017-01-03,6116.HK,8.11,603157.SH,,0.8998,,
2017-01-04,6116.HK,8.11,603157.SH,,0.8982,,
2017-01-05,6116.HK,8.15,603157.SH,,0.8923,,
2017-01-06,6116.HK,8.1,603157.SH,,0.8808,,
2017-01-09,6116.HK,8.29,603157.SH,,0.8819,,
2017-01-10,6116.HK,8.12,603157.SH,,0.8874,,
2017-01-11,6116.HK,8.19,603157.SH,,0.8887,,
2017-01-12,6116.HK,8.05,603157.SH,,0.8903,,
2017-01-13,6116.HK,8.05,603157.SH,,0.8849,,
2017-01-16,6116.HK,8.11,603157.SH,,0.8828,,
2017-01-17,6116.HK,8.11,603157.SH,,0.8846,,
2017-01-18,6116.HK,8.12,603157.SH,,0.8778,,
2017-01-19,6116.HK,8.25,603157.SH,,0.8787,,
2017-01-20,6116.HK,8.17,603157.SH,,0.8814,,
2017-01-23,6116.HK,8.25,603157.SH,,0.8831,,
2017-01-24,6116.HK,8.26,603157.SH,,0.8813,,
2017-01-25,6116.HK,8.4,603157.SH,,0.8788,,
2017-01-26,6116.HK,8.39,603157.SH,,0.8811,,
2017-02-03,6116.HK,8.4,603157.SH,,0.8779,,
2017-02-06,6116.HK,8.41,603157.SH,,0.8794,,
2017-02-07,6116.HK,8.3,603157.SH,,0.8774,,
2017-02-08,6116.HK,8.49,603157.SH,,0.881,,
2017-02-09,6116.HK,8.52,603157.SH,,0.8828,,
2017-02-10,6116.HK,8.52,603157.SH,,0.8828,,
2017-02-13,6116.HK,8.41,603157.SH,,0.8854,,
2017-02-14,6116.HK,8.5,603157.SH,,0.8862,,
2017-02-15,6116.HK,8.5,603157.SH,,0.8839,,
2017-02-16,6116.HK,8.6,603157.SH,,0.8835,,
2017-02-17,6116.HK,8.87,603157.SH,,0.8818,,
2017-02-20,6116.HK,9.02,603157.SH,,0.8823,,
2017-02-21,6116.HK,8.97,603157.SH,,0.8838,,
2017-02-22,6116.HK,8.9,603157.SH,,0.8851,,
2017-02-23,6116.HK,9.0,603157.SH,,0.8841,,
2017-02-24,6116.HK,8.9,603157.SH,,0.8848,,
2017-02-27,6116.HK,8.95,603157.SH,,0.8832,,
2017-02-28,6116.HK,8.96,603157.SH,,0.8841,,
2017-03-01,6116.HK,8.9,603157.SH,,0.8833,,
2017-03-02,6116.HK,9.0,603157.SH,,0.8849,,
2017-03-03,6116.HK,8.95,603157.SH,,0.8859,,
2017-03-06,6116.HK,9.02,603157.SH,,0.8886,,
2017-03-07,6116.HK,8.97,603157.SH,,0.8874,,
2017-03-08,6116.HK,9.0,603157.SH,,0.8881,,
2017-03-09,6116.HK,9.04,603157.SH,,0.8907,,
2017-03-10,6116.HK,9.15,603157.SH,,0.8886,,
2017-03-13,6116.HK,9.74,603157.SH,,0.8895,,
2017-03-14,6116.HK,10.28,603157.SH,,0.8879,,
2017-03-15,6116.HK,10.18,603157.SH,,0.8885,,
2017-03-16,6116.HK,10.4,603157.SH,,0.8875,,
2017-03-17,6116.HK,9.65,603157.SH,,0.8855,,
2017-03-20,6116.HK,9.65,603157.SH,,0.8872,,
2017-03-21,6116.HK,10.0,603157.SH,,0.8879,,
2017-03-22,6116.HK,10.26,603157.SH,,0.8859,,
2017-03-23,6116.HK,10.28,603157.SH,,0.8843,,
2017-03-24,6116.HK,9.89,603157.SH,,0.8851,,
2017-03-27,6116.HK,9.51,603157.SH,,0.8851,,
2017-03-28,6116.HK,9.42,603157.SH,,0.8825,,
2017-03-29,6116.HK,9.37,603157.SH,,0.8843,,
2017-03-30,6116.HK,9.2,603157.SH,,0.8842,,
2017-03-31,6116.HK,9.7,603157.SH,,0.8851,,
2017-04-05,6116.HK,9.47,603157.SH,,0.8851,,
2017-04-06,6116.HK,9.58,603157.SH,,0.8862,,
2017-04-07,6116.HK,9.57,603157.SH,,0.8869,,
2017-04-10,6116.HK,9.38,603157.SH,,0.8872,,
2017-04-11,6116.HK,9.17,603157.SH,,0.8887,,
2017-04-12,6116.HK,9.42,603157.SH,,0.8887,,
2017-04-13,6116.HK,9.57,603157.SH,,0.8876,,
2017-04-14,6116.HK,9.57,603157.SH,,0.8876,,
2017-04-17,6116.HK,9.57,603157.SH,,0.8876,,
2017-04-18,6116.HK,9.82,603157.SH,,0.8854,,
2017-04-19,6116.HK,9.98,603157.SH,,0.8855,,
2017-04-20,6116.HK,10.2,603157.SH,,0.8853,,
2017-04-21,6116.HK,10.0,603157.SH,,0.8851,,
2017-04-24,6116.HK,10.12,603157.SH,,0.8855,,
2017-04-25,6116.HK,10.2,603157.SH,,0.8852,,
2017-04-26,6116.HK,10.16,603157.SH,,0.8846,,
2017-04-27,6116.HK,9.99,603157.SH,,0.8863,,
2017-04-28,6116.HK,10.1,603157.SH,,0.8868,,
2017-05-02,6116.HK,9.98,603157.SH,,0.8868,,
2017-05-03,6116.HK,9.98,603157.SH,,0.8868,,
2017-05-04,6116.HK,10.08,603157.SH,,0.8854,,
2017-05-05,6116.HK,10.0,603157.SH,,0.8856,,
2017-05-08,6116.HK,9.98,603157.SH,,0.8869,,
2017-05-09,6116.HK,10.0,603157.SH,,0.8869,,
2017-05-10,6116.HK,10.0,603157.SH,,0.8881,,
2017-05-11,6116.HK,9.81,603157.SH,,0.8876,,
2017-05-12,6116.HK,9.99,603157.SH,,0.8864,,
2017-05-15,6116.HK,9.85,603157.SH,,0.8859,,
2017-05-16,6116.HK,10.04,603157.SH,,0.8852,,
2017-05-17,6116.HK,9.73,603157.SH,,0.8842,,
2017-05-18,6116.HK,9.5,603157.SH,,0.8836,,
2017-05-19,6116.HK,9.46,603157.SH,,0.8846,,
2017-05-22,6116.HK,9.55,603157.SH,,0.8843,,
2017-05-23,6116.HK,9.38,603157.SH,,0.884,,
2017-05-24,6116.HK,9.38,603157.SH,,0.8835,,
2017-05-25,6116.HK,9.54,603157.SH,,0.8831,,
2017-05-26,6116.HK,9.54,603157.SH,,0.8802,,
2017-05-31,6116.HK,9.5,603157.SH,,0.8761,,
2017-06-01,6116.HK,9.6,603157.SH,,0.8696,,
2017-06-02,6116.HK,9.53,603157.SH,,0.8674,,
2017-06-05,6116.HK,9.44,603157.SH,,0.8716,,
2017-06-06,6116.HK,9.33,603157.SH,,0.8703,,
2017-06-07,6116.HK,9.3,603157.SH,,0.8685,,
2017-06-08,6116.HK,9.25,603157.SH,,0.8688,,
2017-06-09,6116.HK,9.0,603157.SH,,0.87,,
2017-06-12,6116.HK,9.6,603157.SH,,0.871,,
2017-06-13,6116.HK,9.35,603157.SH,,0.8716,,
2017-06-14,6116.HK,9.4,603157.SH,,0.8706,,
2017-06-15,6116.HK,9.48,603157.SH,,0.8704,,
2017-06-16,6116.HK,9.5,603157.SH,,0.8715,,
2017-06-19,6116.HK,9.51,603157.SH,,0.874,,
2017-06-20,6116.HK,9.51,603157.SH,,0.8746,,
2017-06-21,6116.HK,9.93,603157.SH,,0.8752,,
2017-06-22,6116.HK,9.89,603157.SH,,0.8757,,
2017-06-23,6116.HK,9.98,603157.SH,,0.8761,,
2017-06-26,6116.HK,10.0,603157.SH,,0.8767,,
2017-06-27,6116.HK,9.95,603157.SH,,0.8783,,
2017-06-28,6116.HK,9.96,603157.SH,,0.8738,,
2017-06-29,6116.HK,9.7,603157.SH,,0.8719,,
2017-06-30,6116.HK,9.7,603157.SH,,0.8698,,
2017-07-03,6116.HK,9.89,603157.SH,,0.869,,
2017-07-04,6116.HK,9.96,603157.SH,,0.8699,,
2017-07-05,6116.HK,9.94,603157.SH,,0.8716,,
2017-07-06,6116.HK,9.95,603157.SH,,0.8712,,
2017-07-07,6116.HK,9.93,603157.SH,,0.8712,,
2017-07-10,6116.HK,9.99,603157.SH,,0.8708,,
2017-07-11,6116.HK,9.82,603157.SH,,0.871,,
2017-07-12,6116.HK,9.8,603157.SH,,0.871,,
2017-07-13,6116.HK,9.92,603157.SH,,0.8695,,
2017-07-14,6116.HK,10.0,603157.SH,,0.8683,,
2017-07-17,6116.HK,9.91,603157.SH,,0.8686,,
2017-07-18,6116.HK,9.91,603157.SH,,0.8672,,
2017-07-19,6116.HK,9.87,603157.SH,,0.8649,,
2017-07-20,6116.HK,9.87,603157.SH,,0.8651,,
2017-07-21,6116.HK,10.0,603157.SH,,0.8668,,
2017-07-24,6116.HK,9.9,603157.SH,,0.866,,
2017-07-25,6116.HK,9.86,603157.SH,,0.8641,,
2017-07-26,6116.HK,9.9,603157.SH,,0.8645,,
2017-07-27,6116.HK,9.95,603157.SH,,0.8646,,
2017-07-28,6116.HK,9.9,603157.SH,,0.8624,,
2017-07-31,6116.HK,9.9,603157.SH,,0.8631,,
2017-08-01,6116.HK,9.9,603157.SH,,0.8617,,
2017-08-02,6116.HK,9.94,603157.SH,,0.8607,,
2017-08-03,6116.HK,9.94,603157.SH,,0.8605,,
2017-08-04,6116.HK,9.93,603157.SH,,0.8606,,
2017-08-07,6116.HK,9.93,603157.SH,,0.8601,,
2017-08-08,6116.HK,9.93,603157.SH,,0.8602,,
2017-08-09,6116.HK,9.85,603157.SH,,0.8576,,
2017-08-10,6116.HK,9.82,603157.SH,,0.8565,,
2017-08-11,6116.HK,9.7,603157.SH,,0.8539,,
2017-08-14,6116.HK,9.65,603157.SH,,0.8546,,
2017-08-15,6116.HK,9.72,603157.SH,,0.8551,,
2017-08-16,6116.HK,9.72,603157.SH,,0.8553,,
2017-08-17,6116.HK,9.71,603157.SH,,0.8568,,
2017-08-18,6116.HK,9.84,603157.SH,,0.8542,,
2017-08-21,6116.HK,9.84,603157.SH,,0.8542,,
2017-08-22,6116.HK,9.65,603157.SH,,0.854,,
2017-08-23,6116.HK,9.65,603157.SH,,0.8516,,
2017-08-24,6116.HK,9.62,603157.SH,,0.8516,,
2017-08-25,6116.HK,9.47,603157.SH,,0.851,,
2017-08-28,6116.HK,9.59,603157.SH,,0.851,,
2017-08-29,6116.HK,9.4,603157.SH,,0.8467,,
2017-08-30,6116.HK,9.41,603157.SH,,0.8433,,
2017-08-31,6116.HK,10.0,603157.SH,,0.8421,,
2017-09-01,6116.HK,10.28,603157.SH,,0.8437,,
2017-09-04,6116.HK,10.18,603157.SH,,0.8403,,
2017-09-05,6116.HK,10.2,603157.SH,,0.8349,,
2017-09-06,6116.HK,10.2,603157.SH,,0.8378,,
2017-09-07,6116.HK,10.22,603157.SH,,0.8356,,
2017-09-08,6116.HK,10.2,603157.SH,,0.8316,,
2017-09-11,6116.HK,10.2,603157.SH,,0.8289,,
2017-09-12,6116.HK,9.91,603157.SH,,0.8353,,
2017-09-13,6116.HK,10.32,603157.SH,,0.8373,,
2017-09-14,6116.HK,10.24,603157.SH,,0.8362,,
2017-09-15,6116.HK,10.28,603157.SH,,0.8393,,
2017-09-18,6116.HK,10.2,603157.SH,,0.8375,,
2017-09-19,6116.HK,10.22,603157.SH,,0.8402,,
2017-09-20,6116.HK,10.2,603157.SH,,0.8437,,
2017-09-21,6116.HK,10.34,603157.SH,,0.8418,,
2017-09-22,6116.HK,10.34,603157.SH,,0.8442,,
2017-09-25,6116.HK,10.5,603157.SH,12.11,0.8423,14.377300249317344,3.8773002493173436
2017-09-26,6116.HK,10.42,603157.SH,13.32,0.8461,15.742819997636214,5.3228199976362145
2017-09-27,6116.HK,10.42,603157.SH,14.65,0.8467,17.30246840675564,6.88246840675564
2017-09-28,6116.HK,10.22,603157.SH,16.12,0.8501,18.96247500294083,8.74247500294083
2017-09-29,6116.HK,10.34,603157.SH,17.73,0.8537,20.768419819608763,10.428419819608763
2017-10-09,6116.HK,10.3,603157.SH,19.5,0.8518,22.892697816388825,12.592697816388824
2017-10-10,6116.HK,10.44,603157.SH,21.45,0.8489,25.267993874425727,14.827993874425728
2017-10-11,6116.HK,10.78,603157.SH,23.6,0.8424,28.01519468186135,17.23519468186135
2017-10-12,6116.HK,12.2,603157.SH,25.96,0.8442,30.75100687040986,18.55100687040986
2017-10-13,6116.HK,12.1,603157.SH,28.56,0.843,33.879003558718864,21.779003558718863
2017-10-16,6116.HK,11.28,603157.SH,29.6,0.8426,35.129361500118684,23.849361500118682
2017-10-17,6116.HK,10.62,603157.SH,28.01,0.8428,33.23445657332701,22.61445657332701
2017-10-18,6116.HK,10.78,603157.SH,26.07,0.8471,30.77558729783969,19.99558729783969
2017-10-19,6116.HK,10.5,603157.SH,25.73,0.8486,30.32052792835258,19.82052792835258
2017-10-20,6116.HK,10.42,603157.SH,24.74,0.8492,29.133301931229393,18.713301931229395
2017-10-23,6116.HK,10.4,603157.SH,24.98,0.8485,29.440188568061284,19.040188568061282
2017-10-24,6116.HK,10.28,603157.SH,24.34,0.8511,28.59828457290565,18.318284572905654
2017-10-25,6116.HK,10.48,603157.SH,24.38,0.85,28.68235294117647,18.20235294117647
2017-10-26,6116.HK,10.48,603157.SH,25.41,0.8516,29.837952090183183,19.357952090183183
2017-10-27,6116.HK,10.34,603157.SH,24.41,0.8506,28.69739007759229,18.35739007759229
2017-10-30,6116.HK,10.14,603157.SH,22.44,0.8524,26.325668700140778,16.185668700140777
2017-10-31,6116.HK,10.1,603157.SH,22.6,0.852,26.525821596244135,16.425821596244134
2017-11-01,6116.HK,9.94,603157.SH,22.82,0.8499,26.850217672667373,16.910217672667372
2017-11-02,6116.HK,9.95,603157.SH,23.08,0.8478,27.223401745694737,17.273401745694738
2017-11-03,6116.HK,10.04,603157.SH,22.56,0.8471,26.632038720339985,16.592038720339986
2017-11-06,6116.HK,9.63,603157.SH,22.84,0.8492,26.895902025435706,17.265902025435707
2017-11-07,6116.HK,9.78,603157.SH,22.19,0.8502,26.099741237355918,16.31974123735592
2017-11-08,6116.HK,9.63,603157.SH,22.76,0.8503,26.76702340350465,17.13702340350465
2017-11-09,6116.HK,9.73,603157.SH,23.08,0.8508,27.12740949694405,17.39740949694405
2017-11-10,6116.HK,9.61,603157.SH,22.88,0.8518,26.86076543789622,17.25076543789622
2017-11-13,6116.HK,9.7,603157.SH,23.13,0.852,27.14788732394366,17.44788732394366
2017-11-14,6116.HK,9.77,603157.SH,22.07,0.8523,25.894638038249443,16.124638038249444
2017-11-15,6116.HK,9.67,603157.SH,22.16,0.8518,26.01549659544494,16.345496595444942
2017-11-16,6116.HK,9.5,603157.SH,21.36,0.849,25.159010600706715,15.659010600706715
2017-11-17,6116.HK,9.48,603157.SH,19.53,0.8496,22.98728813559322,13.507288135593221
2017-11-20,6116.HK,9.35,603157.SH,19.09,0.8502,22.4535403434486,13.103540343448602
2017-11-21,6116.HK,9.22,603157.SH,18.53,0.85,21.8,12.58
2017-11-22,6116.HK,9.25,603157.SH,18.44,0.8495,21.706886403766923,12.456886403766923
2017-11-23,6116.HK,9.24,603157.SH,18.0,0.8462,21.27156700543607,12.031567005436068
2017-11-24,6116.HK,9.4,603157.SH,17.77,0.8431,21.076977819950184,11.676977819950183
2017-11-27,6116.HK,9.48,603157.SH,17.36,0.8455,20.53222945002957,11.052229450029568
2017-11-28,6116.HK,9.4,603157.SH,17.69,0.8457,20.917583067281544,11.517583067281544
2017-11-29,6116.HK,9.71,603157.SH,17.23,0.8454,20.38088478826591,10.670884788265909
2017-11-30,6116.HK,9.62,603157.SH,17.09,0.8456,20.21050141911069,10.590501419110693
2017-12-01,6116.HK,9.62,603157.SH,17.21,0.8483,20.28763409171284,10.66763409171284
2017-12-04,6116.HK,9.56,603157.SH,16.08,0.8461,19.004845762912183,9.444845762912182
2017-12-05,6116.HK,9.68,603157.SH,15.18,0.8471,17.919962224058555,8.239962224058555
2017-12-06,6116.HK,9.52,603157.SH,15.49,0.8468,18.29239489844119,8.772394898441192
2017-12-07,6116.HK,9.7,603157.SH,15.55,0.8469,18.36108159168733,8.661081591687331
2017-12-08,6116.HK,9.6,603157.SH,15.95,0.8471,18.828945815133988,9.228945815133988
2017-12-11,6116.HK,9.57,603157.SH,16.09,0.8483,18.967346457621122,9.397346457621122
2017-12-12,6116.HK,9.55,603157.SH,15.39,0.8479,18.15072532138224,8.600725321382239
2017-12-13,6116.HK,9.48,603157.SH,15.58,0.8483,18.366144052811503,8.886144052811503
2017-12-14,6116.HK,9.37,603157.SH,15.59,0.8482,18.380099033246875,9.010099033246876
2017-12-15,6116.HK,9.33,603157.SH,15.51,0.8462,18.329000236350744,8.999000236350744
2017-12-18,6116.HK,9.3,603157.SH,15.65,0.8459,18.501004846908618,9.201004846908617
2017-12-19,6116.HK,9.34,603157.SH,15.95,0.8462,18.848971874261405,9.508971874261405
2017-12-20,6116.HK,9.04,603157.SH,15.58,0.8444,18.4509711037423,9.410971103742302
2017-12-21,6116.HK,9.06,603157.SH,15.5,0.8405,18.441403926234383,9.381403926234382
2017-12-22,6116.HK,9.09,603157.SH,15.38,0.8403,18.302987028442224,9.212987028442225
2017-12-25,6116.HK,9.09,603157.SH,15.78,0.8403,18.779007497322382,9.689007497322383
2017-12-26,6116.HK,9.09,603157.SH,17.36,0.8403,20.659288349399024,11.569288349399024
2017-12-27,6116.HK,9.16,603157.SH,17.72,0.8381,21.143061687149505,11.983061687149505
2017-12-28,6116.HK,9.18,603157.SH,17.38,0.8391,20.712668335120963,11.532668335120963
2017-12-29,6116.HK,9.43,603157.SH,17.79,0.8364,21.269727403156384,11.839727403156385
2018-01-02,6116.HK,9.38,603157.SH,17.86,0.8338,21.420004797313503,12.040004797313502
2018-01-03,6116.HK,9.36,603157.SH,17.01,0.8306,20.479171683120637,11.119171683120637
2018-01-04,6116.HK,9.36,603157.SH,16.73,0.8314,20.122684628337744,10.762684628337745
2018-01-05,6116.HK,9.45,603157.SH,16.8,0.8312,20.211742059672762,10.761742059672763
2018-01-08,6116.HK,9.28,603157.SH,17.42,0.829,21.01326899879373,11.733268998793731
2018-01-09,6116.HK,9.27,603157.SH,17.21,0.831,20.709987966305658,11.439987966305658
2018-01-10,6116.HK,9.15,603157.SH,16.87,0.8346,20.213275820752457,11.063275820752457
2018-01-11,6116.HK,9.16,603157.SH,17.62,0.8336,21.137236084452976,11.977236084452976
2018-01-12,6116.HK,9.13,603157.SH,18.85,0.8328,22.634486071085497,13.504486071085497
2018-01-15,6116.HK,8.98,603157.SH,18.84,0.8264,22.797676669893512,13.817676669893512
2018-01-16,6116.HK,9.03,603157.SH,19.82,0.8225,24.09726443768997,15.06726443768997
2018-01-17,6116.HK,9.0,603157.SH,19.19,0.8227,23.3256351039261,14.3256351039261
2018-01-18,6116.HK,8.95,603157.SH,18.8,0.823,22.843256379100854,13.893256379100855
2018-01-19,6116.HK,8.93,603157.SH,18.39,0.822,22.37226277372263,13.442262773722629
2018-01-22,6116.HK,8.97,603157.SH,18.63,0.8185,22.761148442272447,13.791148442272446
2018-01-23,6116.HK,8.91,603157.SH,18.7,0.819,22.832722832722833,13.922722832722833
2018-01-24,6116.HK,8.92,603157.SH,18.48,0.82,22.53658536585366,13.61658536585366
2018-01-25,6116.HK,8.96,603157.SH,18.53,0.8154,22.725042923718423,13.765042923718422
2018-01-26,6116.HK,8.98,603157.SH,17.83,0.8094,22.028663207314057,13.048663207314057
2018-01-29,6116.HK,8.91,603157.SH,17.02,0.8089,21.04091976758561,12.13091976758561
2018-01-30,6116.HK,8.98,603157.SH,18.01,0.8091,22.259300457298234,13.279300457298234
2018-01-31,6116.HK,9.01,603157.SH,19.81,0.8114,24.414592063100812,15.404592063100813
2018-02-01,6116.HK,8.72,603157.SH,20.25,0.8049,25.15840477077898,16.43840477077898
2018-02-02,6116.HK,8.72,603157.SH,21.26,0.8055,26.3935443823712,17.673544382371198
2018-02-05,6116.HK,8.46,603157.SH,19.13,0.8048,23.769880715705764,15.309880715705763
2018-02-06,6116.HK,8.15,603157.SH,17.22,0.8053,21.383335402955417,13.233335402955417
2018-02-07,6116.HK,8.1,603157.SH,15.93,0.8036,19.823295171727228,11.723295171727228
2018-02-08,6116.HK,8.19,603157.SH,16.2,0.8022,20.19446522064323,12.004465220643231
2018-02-09,6116.HK,8.17,603157.SH,14.59,0.8116,17.976835879743717,9.806835879743717
2018-02-12,6116.HK,8.14,603157.SH,14.9,0.8077,18.44744335768231,10.30744335768231
2018-02-13,6116.HK,8.14,603157.SH,15.23,0.8101,18.80014812986051,10.66014812986051
2018-02-14,6116.HK,8.1,603157.SH,14.74,0.8103,18.190793533259285,10.090793533259285
2018-02-22,6116.HK,8.2,603157.SH,15.35,0.8094,18.96466518408698,10.76466518408698
2018-02-23,6116.HK,8.19,603157.SH,15.66,0.8118,19.29046563192905,11.10046563192905
2018-02-26,6116.HK,8.23,603157.SH,16.11,0.8097,19.8962578732864,11.666257873286401
2018-02-27,6116.HK,8.23,603157.SH,16.18,0.806,20.074441687344912,11.844441687344911
2018-02-28,6116.HK,8.2,603157.SH,15.78,0.806,19.578163771712155,11.378163771712156
2018-03-01,6116.HK,8.2,603157.SH,15.86,0.8079,19.631142468127244,11.431142468127245
2018-03-02,6116.HK,8.15,603157.SH,16.23,0.8112,20.007396449704142,11.857396449704142
2018-03-05,6116.HK,8.12,603157.SH,16.17,0.8106,19.948186528497413,11.828186528497413
2018-03-06,6116.HK,8.19,603157.SH,16.36,0.8092,20.217498764211566,12.027498764211566
2018-03-07,6116.HK,8.12,603157.SH,16.24,0.8095,20.06176652254478,11.94176652254478
2018-03-08,6116.HK,8.08,603157.SH,16.72,0.8065,20.7315561066336,12.6515561066336
2018-03-09,6116.HK,8.14,603157.SH,16.78,0.8084,20.757050964868878,12.617050964868877
2018-03-12,6116.HK,8.15,603157.SH,17.11,0.8079,21.178363658868673,13.028363658868672
2018-03-13,6116.HK,8.12,603157.SH,16.6,0.8064,20.585317460317462,12.465317460317463
2018-03-14,6116.HK,8.25,603157.SH,16.47,0.807,20.408921933085498,12.158921933085498
2018-03-15,6116.HK,8.44,603157.SH,15.87,0.8048,19.719184890656063,11.279184890656063
2018-03-16,6116.HK,8.54,603157.SH,15.75,0.8051,19.562787231399824,11.022787231399825
2018-03-19,6116.HK,8.75,603157.SH,16.17,0.8058,20.067014147431127,11.317014147431127
2018-03-20,6116.HK,8.82,603157.SH,16.71,0.807,20.70631970260223,11.88631970260223
2018-03-21,6116.HK,8.68,603157.SH,16.44,0.8066,20.381849739647908,11.701849739647908
2018-03-22,6116.HK,8.68,603157.SH,17.05,0.8064,21.143353174603174,12.463353174603174
2018-03-23,6116.HK,8.36,603157.SH,15.53,0.8061,19.265599801513456,10.905599801513457
2018-03-26,6116.HK,8.35,603157.SH,15.33,0.8052,19.038748137108794,10.688748137108794
2018-03-27,6116.HK,8.33,603157.SH,15.61,0.7981,19.558952512216514,11.228952512216514
2018-03-28,6116.HK,8.25,603157.SH,15.55,0.7986,19.471575256699225,11.221575256699225
2018-03-29,6116.HK,8.24,603157.SH,15.79,0.8005,19.72517176764522,11.485171767645221
2018-03-30,6116.HK,8.24,603157.SH,16.07,0.8005,20.074953154278578,11.834953154278578
2018-04-02,6116.HK,8.24,603157.SH,16.26,0.8005,20.31230480949407,12.072304809494069
2018-04-03,6116.HK,8.2,603157.SH,15.95,0.7988,19.96745117676515,11.76745117676515
2018-04-04,6116.HK,8.15,603157.SH,15.7,0.7994,19.63972979734801,11.48972979734801
2018-04-09,6116.HK,8.06,603157.SH,16.29,0.8044,20.2511188463451,12.1911188463451
2018-04-10,6116.HK,8.03,603157.SH,16.5,0.8043,20.51473330846699,12.484733308466991
2018-04-11,6116.HK,8.04,603157.SH,16.75,0.8013,20.903531760888555,12.863531760888556
2018-04-12,6116.HK,8.24,603157.SH,18.43,0.8005,23.023110555902562,14.783110555902562
2018-04-13,6116.HK,8.1,603157.SH,17.83,0.8007,22.268015486449357,14.168015486449358
2018-04-16,6116.HK,8.0,603157.SH,17.24,0.7997,21.558084281605602,13.558084281605602
2018-04-17,6116.HK,7.99,603157.SH,16.31,0.7998,20.392598149537385,12.402598149537384
2018-04-18,6116.HK,8.0,603157.SH,16.45,0.7993,20.580507944451394,12.580507944451394
2018-04-19,6116.HK,8.07,603157.SH,16.13,0.8002,20.15746063484129,12.087460634841289
2018-04-20,6116.HK,8.02,603157.SH,15.29,0.7989,19.138815871823756,11.118815871823756
2018-04-23,6116.HK,8.05,603157.SH,15.47,0.801,19.313358302122346,11.263358302122345
2018-04-24,6116.HK,8.15,603157.SH,15.96,0.8038,19.85568549390396,11.705685493903959
2018-04-25,6116.HK,8.17,603157.SH,15.84,0.8037,19.708846584546475,11.538846584546475
2018-04-26,6116.HK,8.2,603157.SH,15.15,0.8051,18.817538194013167,10.617538194013168
2018-04-27,6116.HK,8.0,603157.SH,15.61,0.8058,19.37205261851576,11.37205261851576
2018-05-02,6116.HK,8.22,603157.SH,16.2,0.8064,20.08928571428571,11.869285714285711
2018-05-03,6116.HK,8.29,603157.SH,16.43,0.81,20.28395061728395,11.99395061728395
2018-05-04,6116.HK,8.29,603157.SH,16.18,0.8083,20.017320301868118,11.727320301868119
2018-05-07,6116.HK,8.22,603157.SH,16.59,0.8103,20.473898556090337,12.253898556090336
2018-05-08,6116.HK,8.16,603157.SH,17.09,0.8108,21.077947705969414,12.917947705969414
2018-05-09,6116.HK,8.22,603157.SH,16.83,0.8114,20.7419275326596,12.521927532659598
2018-05-10,6116.HK,8.26,603157.SH,17.22,0.8118,21.21212121212121,12.952121212121211
2018-05-11,6116.HK,8.3,603157.SH,16.59,0.8081,20.529637421111246,12.229637421111246
2018-05-14,6116.HK,8.5,603157.SH,16.49,0.8059,20.461595731480333,11.961595731480333
2018-05-15,6116.HK,8.68,603157.SH,16.84,0.8064,20.882936507936506,12.202936507936506
2018-05-16,6116.HK,8.72,603157.SH,17.49,0.809,21.619283065512974,12.899283065512973
2018-05-17,6116.HK,9.17,603157.SH,19.24,0.8104,23.741362290227045,14.571362290227045
2018-05-18,6116.HK,8.96,603157.SH,19.54,0.8094,24.141339263652085,15.181339263652085
2018-05-21,6116.HK,9.05,603157.SH,19.82,0.8107,24.44800789441224,15.398007894412238
2018-05-22,6116.HK,9.05,603157.SH,19.54,0.8107,24.102627359072407,15.052627359072407
2018-05-23,6116.HK,9.05,603157.SH,20.78,0.8088,25.692383778437193,16.642383778437193
2018-05-24,6116.HK,8.92,603157.SH,20.25,0.8123,24.929213344823342,16.009213344823344
2018-05-25,6116.HK,8.68,603157.SH,19.53,0.8123,24.04284131478518,15.362841314785179
2018-05-28,6116.HK,8.7,603157.SH,19.19,0.813,23.6039360393604,14.9039360393604
2018-05-29,6116.HK,8.78,603157.SH,19.49,0.8146,23.925853179474586,15.145853179474587
2018-05-30,6116.HK,8.64,603157.SH,20.27,0.8185,24.7648136835675,16.1248136835675
2018-05-31,6116.HK,8.93,603157.SH,22.3,0.8175,27.2782874617737,18.3482874617737
2018-06-01,6116.HK,8.83,603157.SH,20.07,0.8159,24.5986027699473,15.768602769947298
2018-06-04,6116.HK,8.84,603157.SH,21.3,0.8172,26.06461086637298,17.22461086637298
2018-06-05,6116.HK,8.85,603157.SH,21.66,0.8154,26.563649742457688,17.71364974245769
2018-06-06,6116.HK,8.96,603157.SH,22.06,0.8151,27.064163906269165,18.104163906269164
2018-06-07,6116.HK,8.85,603157.SH,20.67,0.8139,25.396240324364175,16.546240324364177
2018-06-08,6116.HK,8.72,603157.SH,20.6,0.8137,25.316455696202535,16.596455696202533
2018-06-11,6116.HK,8.68,603157.SH,19.99,0.8164,24.485546300832922,15.805546300832923
2018-06-12,6116.HK,8.59,603157.SH,19.6,0.8157,24.02844182910384,15.43844182910384
2018-06-13,6116.HK,8.6,603157.SH,19.33,0.8153,23.709064148166316,15.109064148166317
2018-06-14,6116.HK,8.34,603157.SH,18.91,0.8156,23.185384992643453,14.845384992643453
2018-06-15,6116.HK,8.34,603157.SH,17.83,0.8137,21.912252672975296,13.572252672975296
2018-06-19,6116.HK,8.15,603157.SH,16.05,0.8221,19.523172363459434,11.373172363459433
2018-06-20,6116.HK,8.29,603157.SH,16.43,0.8258,19.895858561395013,11.605858561395014
2018-06-21,6116.HK,8.22,603157.SH,15.45,0.8253,18.72046528535078,10.50046528535078
2018-06-22,6116.HK,8.24,603157.SH,15.78,0.83,19.012048192771083,10.772048192771082
2018-06-25,6116.HK,8.31,603157.SH,16.75,0.8284,20.21970062771608,11.909700627716079
2018-06-26,6116.HK,8.18,603157.SH,16.9,0.8349,20.241945143130913,12.061945143130913
2018-06-27,6116.HK,8.14,603157.SH,17.01,0.8382,20.29348604151754,12.153486041517539
2018-06-28,6116.HK,8.18,603157.SH,16.36,0.8419,19.43223660767312,11.252236607673119
2018-06-29,6116.HK,8.28,603157.SH,17.15,0.8454,20.286255027206053,12.006255027206054
2018-07-02,6116.HK,8.28,603157.SH,16.69,0.8454,19.7421339011119,11.4621339011119
2018-07-03,6116.HK,8.28,603157.SH,17.15,0.8505,20.16460905349794,11.884609053497941
2018-07-04,6116.HK,8.14,603157.SH,16.32,0.8487,19.2294096854012,11.0894096854012
2018-07-05,6116.HK,8.1,603157.SH,15.83,0.8464,18.70274102079395,10.602741020793951
2018-07-06,6116.HK,8.11,603157.SH,16.12,0.8474,19.02289355676186,10.912893556761862
2018-07-09,6116.HK,8.15,603157.SH,16.67,0.8481,19.65570097865818,11.505700978658181
2018-07-10,6116.HK,8.11,603157.SH,16.88,0.8445,19.988158673771462,11.878158673771463
2018-07-11,6116.HK,8.12,603157.SH,16.22,0.8458,19.17711042799716,11.057110427997161
2018-07-12,6116.HK,8.17,603157.SH,16.78,0.853,19.671746776084408,11.501746776084408
2018-07-13,6116.HK,8.15,603157.SH,16.85,0.8495,19.835197174808712,11.685197174808712
2018-07-16,6116.HK,8.16,603157.SH,16.78,0.854,19.648711943793913,11.488711943793913
2018-07-17,6116.HK,8.13,603157.SH,17.5,0.8521,20.537495599108087,12.407495599108087
2018-07-18,6116.HK,8.14,603157.SH,18.29,0.8511,21.489836681941018,13.349836681941017
2018-07-19,6116.HK,8.18,603157.SH,18.84,0.856,22.009345794392523,13.829345794392523
2018-07-20,6116.HK,8.07,603157.SH,18.41,0.8629,21.335033028160854,13.265033028160854
2018-07-23,6116.HK,8.08,603157.SH,18.34,0.8639,21.229308947794884,13.149308947794884
2018-07-24,6116.HK,8.1,603157.SH,18.71,0.8657,21.612567864156176,13.512567864156177
2018-07-25,6116.HK,8.07,603157.SH,17.98,0.8687,20.697594106135604,12.627594106135604
2018-07-26,6116.HK,8.08,603157.SH,17.54,0.8622,20.343307817211784,12.263307817211784
2018-07-27,6116.HK,8.09,603157.SH,16.75,0.864,19.386574074074073,11.296574074074073
2018-07-30,6116.HK,8.09,603157.SH,16.78,0.8702,19.282923465869917,11.192923465869917
2018-07-31,6116.HK,8.08,603157.SH,16.68,0.8692,19.190059825126554,11.110059825126553
2018-08-01,6116.HK,8.07,603157.SH,16.22,0.8705,18.632969557725442,10.562969557725442
2018-08-02,6116.HK,8.08,603157.SH,15.66,0.8665,18.07270628967109,9.992706289671089
2018-08-03,6116.HK,8.04,603157.SH,15.62,0.8708,17.93752870923289,9.89752870923289
2018-08-06,6116.HK,8.04,603157.SH,14.94,0.8759,17.056741637173193,9.016741637173194
2018-08-07,6116.HK,8.07,603157.SH,15.47,0.8719,17.74286041977291,9.67286041977291
2018-08-08,6116.HK,8.07,603157.SH,15.06,0.87,17.310344827586206,9.240344827586206
2018-08-09,6116.HK,8.05,603157.SH,15.33,0.8706,17.60854583046175,9.55854583046175
2018-08-10,6116.HK,8.04,603157.SH,15.61,0.869,17.963176064441885,9.923176064441886
2018-08-13,6116.HK,8.0,603157.SH,15.79,0.8731,18.084984537853625,10.084984537853625
2018-08-14,6116.HK,8.01,603157.SH,16.04,0.8767,18.295882285844645,10.285882285844645
2018-08-15,6116.HK,7.8,603157.SH,15.48,0.8773,17.645047304228886,9.845047304228885
2018-08-16,6116.HK,7.68,603157.SH,15.06,0.8801,17.1116918531985,9.431691853198501
2018-08-17,6116.HK,8.08,603157.SH,14.67,0.8794,16.681828519445077,8.601828519445077
2018-08-20,6116.HK,7.85,603157.SH,14.74,0.8766,16.814966917636323,8.964966917636323
2018-08-21,6116.HK,7.9,603157.SH,14.78,0.8733,16.924310088171303,9.024310088171303
2018-08-22,6116.HK,7.99,603157.SH,14.29,0.8721,16.38573558078202,8.395735580782018
2018-08-23,6116.HK,8.02,603157.SH,14.4,0.8719,16.51565546507627,8.495655465076272
2018-08-24,6116.HK,7.95,603157.SH,14.31,0.8757,16.34121274409044,8.391212744090442
2018-08-27,6116.HK,8.03,603157.SH,14.63,0.8766,16.689482089892767,8.659482089892768
2018-08-28,6116.HK,7.98,603157.SH,15.09,0.8679,17.386795713791912,9.406795713791912
2018-08-29,6116.HK,7.8,603157.SH,14.46,0.867,16.678200692041525,8.878200692041524
2018-08-30,6116.HK,8.0,603157.SH,13.27,0.8695,15.261644623346749,7.261644623346749
2018-08-31,6116.HK,7.59,603157.SH,12.6,0.8705,14.474439977024698,6.884439977024698
2018-09-03,6116.HK,7.39,603157.SH,12.27,0.871,14.087256027554535,6.697256027554535
2018-09-04,6116.HK,7.37,603157.SH,12.38,0.8707,14.218444929367177,6.848444929367177
2018-09-05,6116.HK,7.23,603157.SH,12.1,0.8725,13.868194842406876,6.638194842406875
2018-09-06,6116.HK,7.06,603157.SH,12.05,0.8734,13.79665674376002,6.73665674376002
2018-09-07,6116.HK,7.0,603157.SH,12.1,0.8716,13.882514915098668,6.8825149150986675
2018-09-10,6116.HK,6.97,603157.SH,12.25,0.8724,14.041723979825768,7.0717239798257685
2018-09-11,6116.HK,6.93,603157.SH,12.04,0.8752,13.756855575868371,6.826855575868372
2018-09-12,6116.HK,6.92,603157.SH,12.12,0.8766,13.82614647501711,6.90614647501711
2018-09-13,6116.HK,6.97,603157.SH,12.19,0.876,13.915525114155251,6.945525114155251
2018-09-14,6116.HK,6.99,603157.SH,11.88,0.8723,13.619167717528375,6.629167717528375
2018-09-17,6116.HK,6.87,603157.SH,11.11,0.8724,12.734983952315451,5.864983952315451
2018-09-18,6116.HK,6.93,603157.SH,11.32,0.8761,12.920899440703117,5.990899440703117
2018-09-19,6116.HK,6.96,603157.SH,11.49,0.8764,13.110451848471019,6.150451848471019
2018-09-20,6116.HK,7.05,603157.SH,11.37,0.8736,13.015109890109889,5.965109890109889
2018-09-21,6116.HK,6.95,603157.SH,11.56,0.8741,13.225031460931245,6.2750314609312445
2018-09-25,6116.HK,6.94,603157.SH,11.64,0.8741,13.316554170003434,6.376554170003433
2018-09-26,6116.HK,7.0,603157.SH,11.59,0.8796,13.17644383810823,6.176443838108231
2018-09-27,6116.HK,6.93,603157.SH,10.98,0.8803,12.473020561172328,5.543020561172328
2018-09-28,6116.HK,7.37,603157.SH,11.4,0.8799,12.956017729287419,5.586017729287419
2018-10-08,6116.HK,7.08,603157.SH,10.58,0.881,12.009080590238366,4.929080590238366
2018-10-09,6116.HK,7.04,603157.SH,10.43,0.8848,11.787974683544302,4.747974683544302
2018-10-10,6116.HK,7.05,603157.SH,10.69,0.8844,12.087290818634102,5.037290818634102
2018-10-11,6116.HK,6.8,603157.SH,9.62,0.8843,10.878661087866108,4.0786610878661085
2018-10-12,6116.HK,6.95,603157.SH,9.38,0.8852,10.596475372797109,3.6464753727971084
2018-10-15,6116.HK,7.03,603157.SH,9.36,0.8829,10.601427115188581,3.5714271151885812
2018-10-16,6116.HK,6.92,603157.SH,9.04,0.8832,10.23550724637681,3.3155072463768107
2018-10-17,6116.HK,6.92,603157.SH,9.21,0.8832,10.427989130434783,3.507989130434783
2018-10-18,6116.HK,6.93,603157.SH,8.88,0.883,10.056625141562854,3.1266251415628545
2018-10-19,6116.HK,6.96,603157.SH,9.17,0.8852,10.35924084952553,3.3992408495255306
2018-10-22,6116.HK,7.03,603157.SH,9.62,0.8848,10.87251356238698,3.842513562386979
2018-10-23,6116.HK,6.95,603157.SH,9.32,0.8859,10.52037476013094,3.5703747601309397
2018-10-24,6116.HK,6.98,603157.SH,9.4,0.8858,10.611876270038383,3.631876270038383
2018-10-25,6116.HK,6.88,603157.SH,9.22,0.8859,10.407495202618806,3.5274952026188062
2018-10-26,6116.HK,6.99,603157.SH,9.62,0.8867,10.84921619487989,3.85921619487989
2018-10-29,6116.HK,6.91,603157.SH,9.29,0.8877,10.465247268221244,3.555247268221244
2018-10-30,6116.HK,7.17,603157.SH,9.24,0.8881,10.404233757459746,3.234233757459746
2018-10-31,6116.HK,6.98,603157.SH,9.34,0.8884,10.513282305267898,3.533282305267898
2018-11-01,6116.HK,6.95,603157.SH,9.39,0.8891,10.561241705095041,3.6112417050950407
2018-11-02,6116.HK,7.4,603157.SH,9.69,0.8864,10.931859205776172,3.531859205776172
2018-11-05,6116.HK,7.4,603157.SH,9.82,0.8786,11.176872296835874,3.776872296835874
2018-11-06,6116.HK,7.25,603157.SH,9.75,0.8842,11.02691698710699,3.77691698710699
2018-11-07,6116.HK,7.24,603157.SH,9.37,0.8831,10.610349903748158,3.370349903748158
2018-11-08,6116.HK,7.2,603157.SH,9.27,0.8834,10.49354765678062,3.2935476567806203
2018-11-09,6116.HK,7.2,603157.SH,9.25,0.8853,10.448435558567718,3.248435558567718
2018-11-12,6116.HK,7.2,603157.SH,9.52,0.8869,10.734017363851617,3.534017363851617
2018-11-13,6116.HK,7.03,603157.SH,9.71,0.8892,10.919928025191185,3.8899280251911845
2018-11-14,6116.HK,7.02,603157.SH,9.81,0.8885,11.04108047270681,4.02108047270681
2018-11-15,6116.HK,7.03,603157.SH,10.26,0.8874,11.56186612576065,4.53186612576065
2018-11-16,6116.HK,7.06,603157.SH,10.18,0.8857,11.493733769899514,4.433733769899514
2018-11-19,6116.HK,6.91,603157.SH,10.78,0.8862,12.164296998420221,5.254296998420221
2018-11-20,6116.HK,6.74,603157.SH,10.97,0.8855,12.388481084133259,5.648481084133259
2018-11-21,6116.HK,6.81,603157.SH,11.01,0.8858,12.429442312034318,5.619442312034319
2018-11-22,6116.HK,6.78,603157.SH,10.61,0.8852,11.985991866244916,5.205991866244916
2018-11-23,6116.HK,6.88,603157.SH,9.93,0.8848,11.222875226039783,4.342875226039783
2018-11-26,6116.HK,6.9,603157.SH,9.85,0.8867,11.108604939663921,4.208604939663921
2018-11-27,6116.HK,6.91,603157.SH,9.9,0.8864,11.168772563176896,4.258772563176896
2018-11-28,6116.HK,6.92,603157.SH,10.03,0.8874,11.302681992337165,4.382681992337165
2018-11-29,6116.HK,6.9,603157.SH,9.48,0.8883,10.672070246538333,3.7720702465383322
2018-11-30,6116.HK,6.9,603157.SH,9.37,0.8871,10.562507045428925,3.6625070454289244
2018-12-03,6116.HK,6.85,603157.SH,9.71,0.8878,10.937148006307728,4.087148006307729
2018-12-04,6116.HK,6.77,603157.SH,9.85,0.8799,11.194453915217638,4.424453915217638
2018-12-05,6116.HK,6.77,603157.SH,9.71,0.8761,11.08320967926036,4.3132096792603605
2018-12-06,6116.HK,6.7,603157.SH,9.48,0.8783,10.793578503928044,4.093578503928044
2018-12-07,6116.HK,6.8,603157.SH,9.49,0.8823,10.755978692054857,3.955978692054857
2018-12-10,6116.HK,6.78,603157.SH,9.23,0.8811,10.475541936216095,3.6955419362160944
2018-12-11,6116.HK,6.69,603157.SH,9.3,0.8846,10.513226316979425,3.823226316979425
2018-12-12,6116.HK,6.62,603157.SH,9.35,0.8837,10.580513749009844,3.960513749009844
2018-12-13,6116.HK,6.64,603157.SH,9.42,0.8812,10.689968225147526,4.049968225147526
2018-12-14,6116.HK,6.63,603157.SH,9.54,0.8798,10.843373493975902,4.213373493975902
2018-12-17,6116.HK,6.62,603157.SH,9.57,0.8835,10.831918505942276,4.211918505942276
2018-12-18,6116.HK,6.66,603157.SH,9.23,0.8831,10.451817461216171,3.791817461216171
2018-12-19,6116.HK,6.63,603157.SH,8.94,0.8819,10.13720376459916,3.5072037645991605
2018-12-20,6116.HK,6.63,603157.SH,9.01,0.8813,10.223533416543741,3.5935334165437416
2018-12-21,6116.HK,6.63,603157.SH,8.9,0.8806,10.106745400863048,3.476745400863048
2018-12-24,6116.HK,6.5,603157.SH,9.02,0.8831,10.214018797418186,3.714018797418186
2018-12-25,6116.HK,6.5,603157.SH,8.84,0.8831,10.010191371305627,3.510191371305627
2018-12-26,6116.HK,6.5,603157.SH,8.73,0.8831,9.885630166459066,3.385630166459066
2018-12-27,6116.HK,6.6,603157.SH,8.56,0.8805,9.721749006246451,3.1217490062464517
2018-12-28,6116.HK,6.66,603157.SH,8.56,0.8783,9.74610042126836,3.0861004212683607
2019-01-02,6116.HK,6.63,603157.SH,8.5,0.8772,9.689922480620154,3.0599224806201546
2019-01-03,6116.HK,6.67,603157.SH,8.4,0.876,9.589041095890412,2.919041095890412
2019-01-04,6116.HK,6.58,603157.SH,8.74,0.8787,9.946511892568568,3.3665118925685675
2019-01-07,6116.HK,6.66,603157.SH,8.78,0.878,10.0,3.34
2019-01-08,6116.HK,6.59,603157.SH,8.8,0.8742,10.0663463738275,3.4763463738275
2019-01-09,6116.HK,6.6,603157.SH,8.7,0.8746,9.947404527784128,3.3474045277841284
2019-01-10,6116.HK,6.6,603157.SH,8.59,0.871,9.862227324913892,3.2622273249138924
2019-01-11,6116.HK,6.6,603157.SH,8.76,0.8661,10.114305507447177,3.514305507447178
2019-01-14,6116.HK,6.64,603157.SH,8.62,0.8598,10.025587345894394,3.385587345894394
2019-01-15,6116.HK,6.67,603157.SH,8.72,0.863,10.104287369640788,3.4342873696407885
2019-01-16,6116.HK,6.5,603157.SH,8.88,0.863,10.289687137891079,3.789687137891079
2019-01-17,6116.HK,6.48,603157.SH,8.67,0.8621,10.056837953833663,3.576837953833662
2019-01-18,6116.HK,6.48,603157.SH,8.8,0.864,10.185185185185187,3.7051851851851865
2019-01-21,6116.HK,6.47,603157.SH,8.89,0.8654,10.27270626299977,3.802706262999771
2019-01-22,6116.HK,6.4,603157.SH,8.7,0.8673,10.0311310965064,3.631131096506399
2019-01-23,6116.HK,6.35,603157.SH,8.76,0.8688,10.082872928176796,3.7328729281767963
2019-01-24,6116.HK,6.16,603157.SH,8.78,0.8661,10.137397529153677,3.977397529153677
2019-01-25,6116.HK,6.19,603157.SH,8.65,0.8672,9.974630996309964,3.7846309963099634
2019-01-28,6116.HK,6.11,603157.SH,8.46,0.8637,9.795067731851338,3.685067731851338
2019-01-29,6116.HK,6.04,603157.SH,7.89,0.8602,9.172285514996512,3.1322855149965116
2019-01-30,6116.HK,5.97,603157.SH,7.78,0.8611,9.034955289745675,3.064955289745675
2019-01-31,6116.HK,5.64,603157.SH,7.0,0.8582,8.156606851549755,2.5166068515497555
2019-02-01,6116.HK,5.6,603157.SH,7.15,0.8569,8.34403080872914,2.744030808729141
2019-02-11,6116.HK,5.33,603157.SH,7.4,0.8646,8.558871154291001,3.228871154291001
2019-02-12,6116.HK,5.29,603157.SH,7.62,0.8662,8.797044562456708,3.5070445624567084
2019-02-13,6116.HK,5.3,603157.SH,7.75,0.8648,8.961609620721553,3.6616096207215536
2019-02-14,6116.HK,5.24,603157.SH,7.72,0.8629,8.946575501216827,3.706575501216827
2019-02-15,6116.HK,5.12,603157.SH,7.66,0.8647,8.858563663698392,3.7385636636983923
2019-02-18,6116.HK,5.15,603157.SH,7.88,0.8648,9.111933395004625,3.9619333950046247
2019-02-19,6116.HK,5.1,603157.SH,7.95,0.8633,9.208849762539096,4.108849762539096
2019-02-20,6116.HK,5.11,603157.SH,8.63,0.863,10.000000000000002,4.8900000000000015
2019-02-21,6116.HK,4.99,603157.SH,8.35,0.8559,9.755812594929314,4.765812594929313
2019-02-22,6116.HK,4.95,603157.SH,8.35,0.8568,9.745564892623715,4.795564892623715
2019-02-25,6116.HK,4.96,603157.SH,8.66,0.8563,10.11327805675581,5.15327805675581
2019-02-26,6116.HK,4.91,603157.SH,8.72,0.8518,10.237144869687722,5.3271448696877215
2019-02-27,6116.HK,4.92,603157.SH,8.55,0.8528,10.02579737335835,5.1057973733583495
2019-02-28,6116.HK,4.9,603157.SH,8.63,0.8508,10.143394452280209,5.243394452280208
2019-03-01,6116.HK,4.9,603157.SH,8.62,0.8517,10.120934601385462,5.220934601385462
2019-03-04,6116.HK,4.9,603157.SH,8.69,0.8551,10.162554087241258,5.2625540872412575
2019-03-05,6116.HK,4.84,603157.SH,8.98,0.8536,10.520149953139644,5.680149953139644
2019-03-06,6116.HK,4.83,603157.SH,9.21,0.8544,10.779494382022472,5.949494382022472
2019-03-07,6116.HK,4.81,603157.SH,9.98,0.8556,11.664329125759702,6.854329125759702
2019-03-08,6116.HK,4.75,603157.SH,9.17,0.8555,10.718877849210987,5.968877849210987
2019-03-11,6116.HK,4.75,603157.SH,9.56,0.8576,11.147388059701493,6.397388059701493
2019-03-12,6116.HK,4.75,603157.SH,10.02,0.8577,11.682406435816718,6.932406435816718
2019-03-13,6116.HK,4.69,603157.SH,9.59,0.8557,11.207198784620777,6.517198784620777
2019-03-14,6116.HK,4.7,603157.SH,9.13,0.8555,10.672121566335477,5.972121566335477
2019-03-15,6116.HK,4.69,603157.SH,9.71,0.8566,11.335512491244456,6.645512491244456
2019-03-18,6116.HK,4.64,603157.SH,9.7,0.8557,11.335748509991818,6.695748509991819
2019-03-19,6116.HK,4.55,603157.SH,9.48,0.8556,11.079943899018232,6.529943899018233
2019-03-20,6116.HK,4.4,603157.SH,9.39,0.8556,10.974754558204769,6.574754558204768
2019-03-21,6116.HK,4.46,603157.SH,9.4,0.8534,11.014764471525663,6.5547644715256626
2019-03-22,6116.HK,4.41,603157.SH,9.26,0.853,10.85580304806565,6.445803048065651
2019-03-25,6116.HK,4.34,603157.SH,8.7,0.8561,10.162364209788576,5.822364209788576
2019-03-26,6116.HK,4.34,603157.SH,8.44,0.8559,9.860965066012383,5.5209650660123835
2019-03-27,6116.HK,4.25,603157.SH,8.35,0.8559,9.755812594929314,5.5058125949293135
2019-03-28,6116.HK,4.17,603157.SH,8.2,0.8575,9.56268221574344,5.39268221574344
2019-03-29,6116.HK,4.51,603157.SH,8.36,0.8586,9.736780805963194,5.226780805963195
2019-04-01,6116.HK,4.47,603157.SH,8.63,0.8562,10.079420696099044,5.609420696099044
2019-04-02,6116.HK,4.66,603157.SH,8.94,0.8559,10.445145460918331,5.785145460918331
2019-04-03,6116.HK,4.71,603157.SH,9.83,0.8567,11.474261701879303,6.764261701879303
2019-04-04,6116.HK,4.73,603157.SH,9.44,0.8549,11.04222716107147,6.312227161071469
2019-04-08,6116.HK,4.69,603157.SH,9.68,0.8551,11.320313413635832,6.6303134136358315
2019-04-09,6116.HK,4.68,603157.SH,9.43,0.8568,11.006069094304388,6.326069094304389
2019-04-10,6116.HK,4.75,603157.SH,9.26,0.8562,10.815230086428405,6.065230086428405
2019-04-11,6116.HK,4.66,603157.SH,8.98,0.8579,10.467420445273342,5.807420445273342
2019-04-12,6116.HK,4.55,603157.SH,8.98,0.8573,10.474746296512308,5.924746296512308
2019-04-15,6116.HK,4.55,603157.SH,8.85,0.8562,10.336370007007709,5.786370007007709
2019-04-16,6116.HK,4.57,603157.SH,9.3,0.8556,10.869565217391305,6.299565217391304
2019-04-17,6116.HK,4.45,603157.SH,9.21,0.8558,10.761860247721431,6.311860247721431
2019-04-18,6116.HK,4.45,603157.SH,8.88,0.852,10.422535211267606,5.972535211267606
2019-04-19,6116.HK,4.45,603157.SH,8.93,0.852,10.481220657276996,6.031220657276996
2019-04-22,6116.HK,4.45,603157.SH,8.71,0.852,10.223004694835682,5.773004694835682
2019-04-23,6116.HK,4.47,603157.SH,8.41,0.8556,9.829359513791491,5.359359513791492
2019-04-24,6116.HK,4.43,603157.SH,8.5,0.857,9.918319719953326,5.488319719953326
2019-04-25,6116.HK,4.41,603157.SH,8.11,0.8572,9.461035930937937,5.051035930937937
2019-04-26,6116.HK,4.3,603157.SH,7.97,0.8604,9.263133426313342,4.963133426313342
2019-04-29,6116.HK,4.25,603157.SH,7.54,0.8592,8.775605214152701,4.5256052141527014
2019-04-30,6116.HK,4.02,603157.SH,7.7,0.8592,8.961824953445065,4.941824953445066
2019-05-06,6116.HK,4.14,603157.SH,7.04,0.8584,8.201304753028891,4.0613047530288915
2019-05-07,6116.HK,4.1,603157.SH,7.23,0.8644,8.364183248496067,4.264183248496067
2019-05-08,6116.HK,4.09,603157.SH,7.26,0.8635,8.40764331210191,4.317643312101911
2019-05-09,6116.HK,4.1,603157.SH,7.16,0.8657,8.27076354395287,4.170763543952871
2019-05-10,6116.HK,4.05,603157.SH,7.35,0.872,8.428899082568806,4.3788990825688066
2019-05-13,6116.HK,4.05,603157.SH,7.43,0.872,8.520642201834862,4.470642201834862
2019-05-14,6116.HK,3.96,603157.SH,7.33,0.8789,8.339970417567415,4.379970417567415
2019-05-15,6116.HK,3.95,603157.SH,7.38,0.88,8.386363636363637,4.4363636363636365
2019-05-16,6116.HK,3.98,603157.SH,7.39,0.8807,8.391052571817871,4.411052571817871
2019-05-17,6116.HK,3.9,603157.SH,6.85,0.8805,7.779670641680863,3.8796706416808635
2019-05-20,6116.HK,3.75,603157.SH,6.71,0.8851,7.581064286521297,3.831064286521297
2019-05-21,6116.HK,3.85,603157.SH,6.85,0.8845,7.744488411531939,3.8944884115319387
2019-05-22,6116.HK,3.8,603157.SH,6.8,0.8841,7.6914376201787125,3.8914376201787126
2019-05-23,6116.HK,3.72,603157.SH,6.48,0.8825,7.3427762039660065,3.6227762039660063
2019-05-24,6116.HK,3.66,603157.SH,6.46,0.8843,7.3052131629537485,3.6452131629537483
2019-05-27,6116.HK,3.7,603157.SH,6.65,0.8821,7.538827797301893,3.838827797301893
2019-05-28,6116.HK,3.65,603157.SH,6.73,0.8805,7.643384440658718,3.993384440658718
2019-05-29,6116.HK,3.62,603157.SH,6.76,0.8828,7.657453556864522,4.037453556864522
2019-05-30,6116.HK,3.61,603157.SH,6.7,0.8829,7.588628383735418,3.9786283837354177
2019-05-31,6116.HK,3.6,603157.SH,6.68,0.8829,7.565975761694416,3.965975761694416
2019-06-03,6116.HK,3.58,603157.SH,6.6,0.8836,7.469443186962425,3.889443186962425
2019-06-04,6116.HK,3.59,603157.SH,6.49,0.884,7.341628959276019,3.751628959276019
2019-06-05,6116.HK,3.58,603157.SH,6.68,0.8843,7.553997512156508,3.973997512156508
2019-06-06,6116.HK,3.58,603157.SH,6.42,0.8824,7.2756119673617405,3.6956119673617405
2019-06-10,6116.HK,3.6,603157.SH,6.37,0.8855,7.1936758893280635,3.5936758893280634
2019-06-11,6116.HK,3.59,603157.SH,6.56,0.8865,7.399887196841512,3.809887196841512
2019-06-12,6116.HK,3.59,603157.SH,6.54,0.8845,7.3940079140757495,3.8040079140757497
2019-06-13,6116.HK,3.57,603157.SH,6.66,0.8857,7.51947612058259,3.9494761205825903
2019-06-14,6116.HK,3.57,603157.SH,6.42,0.8859,7.246867592279038,3.6768675922790384
2019-06-17,6116.HK,3.54,603157.SH,6.44,0.8862,7.2669826224328595,3.7269826224328595
2019-06-18,6116.HK,3.56,603157.SH,6.33,0.8856,7.14769647696477,3.5876964769647697
2019-06-19,6116.HK,3.55,603157.SH,6.46,0.8854,7.296137339055794,3.746137339055794
2019-06-20,6116.HK,3.64,603157.SH,6.6,0.8824,7.479601087941976,3.839601087941976
2019-06-21,6116.HK,3.39,603157.SH,6.77,0.8775,7.715099715099715,4.325099715099714
2019-06-24,6116.HK,3.39,603157.SH,6.7,0.8804,7.610177192185371,4.220177192185371
2019-06-25,6116.HK,3.37,603157.SH,6.54,0.8806,7.426754485578015,4.056754485578015
2019-06-26,6116.HK,3.4,603157.SH,6.49,0.8819,7.35911101031863,3.95911101031863
2019-06-27,6116.HK,3.41,603157.SH,6.71,0.8804,7.621535665606543,4.211535665606543
2019-06-28,6116.HK,3.43,603157.SH,6.45,0.88,7.329545454545455,3.899545454545455
2019-07-01,6116.HK,3.43,603157.SH,6.61,0.88,7.511363636363637,4.081363636363637
2019-07-02,6116.HK,3.42,603157.SH,6.7,0.8769,7.640551944349413,4.220551944349413
2019-07-03,6116.HK,3.45,603157.SH,6.92,0.8825,7.841359773371106,4.391359773371105
2019-07-04,6116.HK,3.45,603157.SH,6.79,0.8835,7.685342388228636,4.235342388228636
2019-07-05,6116.HK,3.42,603157.SH,6.75,0.8828,7.646125962845491,4.226125962845491
2019-07-08,6116.HK,3.41,603157.SH,6.39,0.8827,7.239152599977341,3.8291525999773413
2019-07-09,6116.HK,3.44,603157.SH,6.42,0.8831,7.269844864681237,3.829844864681237
2019-07-10,6116.HK,3.44,603157.SH,6.42,0.8828,7.2723153602174895,3.8323153602174895
2019-07-11,6116.HK,3.44,603157.SH,6.41,0.8811,7.274997162637613,3.8349971626376127
2019-07-12,6116.HK,3.45,603157.SH,6.48,0.8787,7.3745305565039265,3.9245305565039263
2019-07-15,6116.HK,3.45,603157.SH,6.51,0.8797,7.400250085256337,3.9502500852563367
2019-07-16,6116.HK,3.45,603157.SH,6.46,0.8783,7.355117841284299,3.905117841284299
2019-07-17,6116.HK,3.43,603157.SH,6.43,0.8797,7.309309992042741,3.879309992042741
2019-07-18,6116.HK,3.44,603157.SH,6.26,0.8805,7.109596819988643,3.669596819988643
2019-07-19,6116.HK,3.45,603157.SH,6.28,0.8804,7.133121308496139,3.6831213084961387
2019-07-22,6116.HK,3.47,603157.SH,5.94,0.8812,6.7408079891057655,3.2708079891057653
2019-07-23,6116.HK,3.57,603157.SH,6.01,0.8811,6.821019180569742,3.251019180569742
2019-07-24,6116.HK,3.57,603157.SH,6.1,0.8812,6.922378574670903,3.352378574670903
2019-07-25,6116.HK,3.56,603157.SH,6.07,0.8803,6.895376576167216,3.335376576167216
2019-07-26,6116.HK,3.51,603157.SH,6.1,0.8799,6.93260597795204,3.42260597795204
2019-07-29,6116.HK,3.49,603157.SH,6.09,0.88,6.920454545454545,3.4304545454545448
2019-07-30,6116.HK,3.47,603157.SH,6.09,0.8821,6.903979140686997,3.4339791406869966
2019-07-31,6116.HK,3.25,603157.SH,5.63,0.8804,6.394820536119946,3.144820536119946
2019-08-01,6116.HK,3.26,603157.SH,5.51,0.8805,6.257808063600227,2.9978080636002273
2019-08-02,6116.HK,3.24,603157.SH,5.4,0.883,6.115515288788222,2.875515288788222
2019-08-05,6116.HK,3.23,603157.SH,5.36,0.8911,6.015037593984963,2.785037593984963
2019-08-06,6116.HK,3.23,603157.SH,5.16,0.9049,5.702287545585148,2.472287545585148
2019-08-07,6116.HK,3.14,603157.SH,5.04,0.9023,5.5857253685027155,2.4457253685027154
2019-08-08,6116.HK,3.05,603157.SH,5.12,0.9025,5.673130193905817,2.6231301939058174
2019-08-09,6116.HK,3.06,603157.SH,5.04,0.9016,5.590062111801243,2.5300621118012425
2019-08-12,6116.HK,3.05,603157.SH,5.09,0.9033,5.634894276541569,2.5848942765415694
2019-08-13,6116.HK,3.01,603157.SH,4.98,0.906,5.496688741721854,2.4866887417218546
2019-08-14,6116.HK,2.99,603157.SH,5.11,0.9048,5.647656940760389,2.657656940760389
2019-08-15,6116.HK,2.9,603157.SH,5.26,0.8971,5.863337420577416,2.963337420577416
2019-08-16,6116.HK,2.91,603157.SH,5.13,0.8996,5.702534459759893,2.792534459759893
2019-08-19,6116.HK,2.91,603157.SH,5.23,0.899,5.817575083426029,2.907575083426029
2019-08-20,6116.HK,3.0,603157.SH,5.21,0.8994,5.792750722704025,2.7927507227040254
2019-08-21,6116.HK,2.99,603157.SH,5.26,0.902,5.831485587583148,2.841485587583148
2019-08-22,6116.HK,3.0,603157.SH,5.26,0.9015,5.834719911259013,2.834719911259013
2019-08-23,6116.HK,2.99,603157.SH,5.18,0.9051,5.723124516627997,2.7331245166279965
2019-08-26,6116.HK,2.97,603157.SH,5.19,0.904,5.741150442477877,2.7711504424778766
2019-08-27,6116.HK,2.84,603157.SH,5.37,0.9127,5.883641941492276,3.043641941492276
2019-08-28,6116.HK,2.85,603157.SH,5.25,0.9145,5.740841990158557,2.8908419901585565
2019-08-29,6116.HK,2.84,603157.SH,5.37,0.9139,5.875916402232192,3.035916402232192
2019-08-30,6116.HK,2.84,603157.SH,5.16,0.9113,5.662240754965434,2.822240754965434
2019-09-02,6116.HK,2.78,603157.SH,5.32,0.9111,5.839095598726814,3.0590955987268145
2019-09-03,6116.HK,2.74,603157.SH,5.4,0.9151,5.900994426838597,3.160994426838597
2019-09-04,6116.HK,2.77,603157.SH,5.37,0.9154,5.866287961546865,3.096287961546865
2019-09-05,6116.HK,2.83,603157.SH,5.39,0.9117,5.912032466820226,3.082032466820226
2019-09-06,6116.HK,2.78,603157.SH,5.42,0.9117,5.944938027860042,3.164938027860042
2019-09-09,6116.HK,2.79,603157.SH,5.52,0.9082,6.077956397269324,3.2879563972693235
2019-09-10,6116.HK,2.77,603157.SH,5.51,0.9083,6.066277661565562,3.296277661565562
2019-09-11,6116.HK,2.72,603157.SH,5.54,0.9059,6.115465283143835,3.395465283143835
2019-09-12,6116.HK,2.8,603157.SH,5.63,0.9074,6.204540445228124,3.4045404452281245
2019-09-16,6116.HK,2.74,603157.SH,5.57,0.901,6.182019977802442,3.442019977802442
2019-09-17,6116.HK,2.74,603157.SH,5.38,0.9029,5.958577915605272,3.2185779156052714
2019-09-18,6116.HK,2.72,603157.SH,5.58,0.9068,6.153506837229819,3.4335068372298188
2019-09-19,6116.HK,2.73,603157.SH,5.44,0.9052,6.0097216084843135,3.2797216084843135
2019-09-20,6116.HK,2.75,603157.SH,5.4,0.906,5.960264900662252,3.210264900662252
2019-09-23,6116.HK,2.7,603157.SH,5.2,0.9039,5.7528487664564665,3.0528487664564663
2019-09-24,6116.HK,2.68,603157.SH,5.24,0.9089,5.765210694245791,3.085210694245791
2019-09-25,6116.HK,2.66,603157.SH,5.11,0.9059,5.640799205210288,2.980799205210288
2019-09-26,6116.HK,2.7,603157.SH,4.97,0.9091,5.466945330546694,2.766945330546694
2019-09-27,6116.HK,2.57,603157.SH,5.07,0.91,5.571428571428571,3.0014285714285713
2019-09-30,6116.HK,2.59,603157.SH,5.02,0.9079,5.529243308734442,2.939243308734442
2019-10-08,6116.HK,2.56,603157.SH,4.86,0.9094,5.344182977787552,2.784182977787552
2019-10-09,6116.HK,2.6,603157.SH,4.91,0.9093,5.399758055647201,2.799758055647201
2019-10-10,6116.HK,2.56,603157.SH,5.02,0.9096,5.518909410729991,2.958909410729991
2019-10-11,6116.HK,2.55,603157.SH,4.95,0.9088,5.446742957746479,2.896742957746479
2019-10-14,6116.HK,2.54,603157.SH,5.1,0.9045,5.638474295190713,3.098474295190713
2019-10-15,6116.HK,2.54,603157.SH,5.04,0.9026,5.58386882339907,3.0438688233990696
2019-10-16,6116.HK,2.55,603157.SH,4.99,0.9025,5.529085872576178,2.979085872576178
2019-10-17,6116.HK,2.06,603157.SH,4.9,0.906,5.408388520971303,3.348388520971303
2019-10-18,6116.HK,2.04,603157.SH,4.75,0.9021,5.265491630639619,3.2254916306396186
2019-10-21,6116.HK,1.92,603157.SH,4.68,0.9032,5.181576616474756,3.2615766164747564
2019-10-22,6116.HK,1.85,603157.SH,4.8,0.9014,5.325049922343022,3.4750499223430222
2019-10-23,6116.HK,1.72,603157.SH,4.82,0.9027,5.339536944721392,3.619536944721392
2019-10-24,6116.HK,1.7,603157.SH,4.69,0.9019,5.200133052444839,3.5001330524448386
2019-10-25,6116.HK,1.72,603157.SH,4.76,0.9017,5.278917600088722,3.558917600088722
2019-10-28,6116.HK,1.58,603157.SH,4.87,0.9017,5.4009093933680825,3.8209093933680824
2019-10-29,6116.HK,1.6,603157.SH,4.78,0.9008,5.30639431616341,3.70639431616341
2019-10-30,6116.HK,1.49,603157.SH,4.63,0.9005,5.141588006662965,3.6515880066629647
2019-10-31,6116.HK,1.49,603157.SH,4.33,0.8999,4.811645738415379,3.321645738415379
2019-11-01,6116.HK,1.46,603157.SH,4.54,0.8989,5.050617421292691,3.5906174212926913
2019-11-04,6116.HK,1.45,603157.SH,4.47,0.8983,4.9760659022598235,3.5260659022598233
2019-11-05,6116.HK,1.45,603157.SH,4.46,0.8965,4.974902398215282,3.524902398215282
2019-11-06,6116.HK,1.45,603157.SH,4.38,0.8924,4.9081129538323625,3.4581129538323623
2019-11-07,6116.HK,1.45,603157.SH,4.38,0.8943,4.897685340489769,3.4476853404897687
2019-11-08,6116.HK,1.45,603157.SH,4.34,0.8916,4.867653656348138,3.417653656348138
2019-11-11,6116.HK,1.39,603157.SH,4.18,0.893,4.680851063829786,3.2908510638297868
2019-11-12,6116.HK,1.42,603157.SH,4.2,0.8951,4.692213160540722,3.272213160540722
2019-11-13,6116.HK,1.4,603157.SH,4.15,0.8953,4.635317770579695,3.235317770579695
2019-11-14,6116.HK,1.4,603157.SH,4.25,0.8967,4.739600758336121,3.3396007583361214
2019-11-15,6116.HK,1.4,603157.SH,4.19,0.8973,4.669564248300458,3.269564248300458
2019-11-18,6116.HK,1.38,603157.SH,4.18,0.8953,4.6688260918128,3.2888260918128003
2019-11-19,6116.HK,1.39,603157.SH,4.31,0.8961,4.809731056801696,3.4197310568016963
2019-11-20,6116.HK,1.39,603157.SH,4.28,0.8973,4.769865151008582,3.379865151008582
2019-11-21,6116.HK,1.36,603157.SH,4.32,0.8996,4.802134281903069,3.4421342819030682
2019-11-22,6116.HK,1.35,603157.SH,4.34,0.8999,4.822758084231581,3.472758084231581
2019-11-25,6116.HK,1.36,603157.SH,4.77,0.9003,5.298233922025991,3.938233922025991
2019-11-26,6116.HK,1.59,603157.SH,5.25,0.8984,5.8437221727515585,4.253722172751559
2019-11-27,6116.HK,1.37,603157.SH,5.3,0.8995,5.892162312395776,4.522162312395776
2019-11-28,6116.HK,1.2,603157.SH,4.77,0.8964,5.3212851405622486,4.121285140562248
2019-11-29,6116.HK,1.22,603157.SH,4.43,0.8978,4.934283804856315,3.714283804856315
2019-12-02,6116.HK,1.24,603157.SH,4.31,0.8974,4.802763539112993,3.562763539112993
2019-12-03,6116.HK,1.3,603157.SH,4.74,0.8995,5.269594219010562,3.9695942190105624
2019-12-04,6116.HK,1.27,603157.SH,4.91,0.9,5.455555555555556,4.185555555555556
2019-12-05,6116.HK,1.38,603157.SH,5.14,0.9017,5.700343795053787,4.3203437950537875
2019-12-06,6116.HK,1.44,603157.SH,5.16,0.8996,5.735882614495332,4.295882614495332
2019-12-09,6116.HK,1.4,603157.SH,5.21,0.8982,5.8004898686261415,4.400489868626142
2019-12-10,6116.HK,1.46,603157.SH,5.49,0.8991,6.106106106106107,4.646106106106107
2019-12-11,6116.HK,1.4,603157.SH,5.19,0.8994,5.770513675783857,4.370513675783856
2019-12-12,6116.HK,1.42,603157.SH,5.21,0.9011,5.781822217289979,4.361822217289979
2019-12-13,6116.HK,1.41,603157.SH,5.23,0.901,5.804661487236404,4.394661487236404
2019-12-16,6116.HK,1.44,603157.SH,5.27,0.8941,5.894195280170003,4.454195280170003
2019-12-17,6116.HK,1.46,603157.SH,5.37,0.8995,5.969983324068927,4.509983324068927
2019-12-18,6116.HK,1.45,603157.SH,5.32,0.898,5.924276169265034,4.474276169265034
2019-12-19,6116.HK,1.44,603157.SH,5.52,0.898,6.1469933184855226,4.706993318485523
2019-12-20,6116.HK,1.39,603157.SH,5.46,0.8983,6.078147612156295,4.688147612156295
2019-12-23,6116.HK,1.41,603157.SH,5.42,0.8984,6.032947462154942,4.622947462154942
2019-12-24,6116.HK,1.42,603157.SH,5.69,0.8999,6.322924769418824,4.902924769418824
2019-12-25,6116.HK,1.42,603157.SH,5.88,0.8999,6.534059339926658,5.1140593399266585
2019-12-26,6116.HK,1.42,603157.SH,5.8,0.8999,6.445160573397044,5.025160573397044
2019-12-27,6116.HK,1.45,603157.SH,6.06,0.8987,6.743073328140647,5.293073328140647
2019-12-30,6116.HK,1.44,603157.SH,5.81,0.8986,6.465613176051636,5.025613176051635
2019-12-31,6116.HK,1.42,603157.SH,5.7,0.8967,6.356641017062563,4.936641017062563
2020-01-02,6116.HK,1.43,603157.SH,5.9,0.8937,6.601767931073067,5.1717679310730675
2020-01-03,6116.HK,1.44,603157.SH,5.83,0.8931,6.527824431754563,5.087824431754562
2020-01-06,6116.HK,1.41,603157.SH,5.73,0.8958,6.3965170797052915,4.986517079705291
2020-01-07,6116.HK,1.43,603157.SH,5.7,0.8971,6.353806710511649,4.923806710511649
